sample_id,model_idx,scenario_idx,success,reason
24,0,24,False,Rejected by quality filter
37,0,37,False,Rejected by quality filter
62,1,22,False,Rejected by quality filter
80,2,0,False,Rejected by quality filter
89,2,9,False,Rejected by quality filter
106,2,26,False,Rejected by quality filter
108,2,28,False,Rejected by quality filter
109,2,29,False,Rejected by quality filter
122,3,2,False,Rejected by quality filter
125,3,5,False,Rejected by quality filter
155,3,35,False,Rejected by quality filter
170,4,10,False,Rejected by quality filter
191,4,31,False,Rejected by quality filter
192,4,32,False,Rejected by quality filter
195,4,35,False,Rejected by quality filter
209,5,9,False,Rejected by quality filter
226,5,26,False,Rejected by quality filter
236,5,36,False,Rejected by quality filter
237,5,37,False,Rejected by quality filter
244,6,4,False,Rejected by quality filter
263,6,23,False,Rejected by quality filter
302,7,22,False,Rejected by quality filter
303,7,23,False,Rejected by quality filter
314,7,34,False,Rejected by quality filter
349,8,29,False,Rejected by quality filter
373,9,13,False,Rejected by quality filter
396,9,36,False,Rejected by quality filter
410,10,10,False,Rejected by quality filter
419,10,19,False,Rejected by quality filter
438,10,38,False,Rejected by quality filter
446,11,6,False,Rejected by quality filter
467,11,27,False,Rejected by quality filter
468,11,28,False,Rejected by quality filter
478,11,38,False,Rejected by quality filter
513,12,33,False,Rejected by quality filter
519,12,39,False,Rejected by quality filter
539,13,19,False,Rejected by quality filter
548,13,28,False,Rejected by quality filter
563,14,3,False,Rejected by quality filter
575,14,15,False,Rejected by quality filter
581,14,21,False,Rejected by quality filter
594,14,34,False,Rejected by quality filter
597,14,37,False,Rejected by quality filter
603,15,3,False,Rejected by quality filter
624,15,24,False,Rejected by quality filter
629,15,29,False,Rejected by quality filter
652,16,12,False,Rejected by quality filter
657,16,17,False,Rejected by quality filter
698,17,18,False,Rejected by quality filter
705,17,25,False,Rejected by quality filter
725,18,5,False,Rejected by quality filter
735,18,15,False,Rejected by quality filter
779,19,19,False,Rejected by quality filter
785,19,25,False,Rejected by quality filter
806,20,6,False,Rejected by quality filter
808,20,8,False,Rejected by quality filter
822,20,22,False,Rejected by quality filter
879,21,39,False,Rejected by quality filter
891,22,11,False,Rejected by quality filter
893,22,13,False,Rejected by quality filter
909,22,29,False,Rejected by quality filter
922,23,2,False,Rejected by quality filter
934,23,14,False,Rejected by quality filter
947,23,27,False,Rejected by quality filter
991,24,31,False,Rejected by quality filter
1006,25,6,False,Rejected by quality filter
1007,25,7,False,Rejected by quality filter
1009,25,9,False,Rejected by quality filter
1010,25,10,False,Rejected by quality filter
1012,25,12,False,Rejected by quality filter
1042,26,2,False,Rejected by quality filter
1049,26,9,False,Rejected by quality filter
1055,26,15,False,Rejected by quality filter
1076,26,36,False,Rejected by quality filter
1078,26,38,False,Rejected by quality filter
1100,27,20,False,Rejected by quality filter
1102,27,22,False,Rejected by quality filter
1115,27,35,False,Rejected by quality filter
1130,28,10,False,Rejected by quality filter
1136,28,16,False,Rejected by quality filter
1145,28,25,False,Rejected by quality filter
1184,29,24,False,Rejected by quality filter
1201,30,1,False,Rejected by quality filter
1221,30,21,False,Rejected by quality filter
1222,30,22,False,Rejected by quality filter
1241,31,1,False,Rejected by quality filter
1250,31,10,False,Rejected by quality filter
1261,31,21,False,Rejected by quality filter
1262,31,22,False,Rejected by quality filter
1265,31,25,False,Rejected by quality filter
1290,32,10,False,Rejected by quality filter
1375,34,15,False,Rejected by quality filter
1391,34,31,False,Rejected by quality filter
1393,34,33,False,Rejected by quality filter
1394,34,34,False,Rejected by quality filter
1429,35,29,False,Rejected by quality filter
1437,35,37,False,Rejected by quality filter
1438,35,38,False,Rejected by quality filter
1445,36,5,False,Rejected by quality filter
1459,36,19,False,Rejected by quality filter
1466,36,26,False,Rejected by quality filter
1470,36,30,False,Rejected by quality filter
1512,37,32,False,Rejected by quality filter
1513,37,33,False,Rejected by quality filter
1530,38,10,False,Rejected by quality filter
1531,38,11,False,Rejected by quality filter
1536,38,16,False,Rejected by quality filter
1549,38,29,False,Rejected by quality filter
1561,39,1,False,Rejected by quality filter
1564,39,4,False,Rejected by quality filter
1580,39,20,False,Rejected by quality filter
1593,39,33,False,Rejected by quality filter
1602,40,2,False,Rejected by quality filter
1614,40,14,False,Rejected by quality filter
1616,40,16,False,Rejected by quality filter
1620,40,20,False,Rejected by quality filter
1623,40,23,False,Rejected by quality filter
1633,40,33,False,Rejected by quality filter
1648,41,8,False,Rejected by quality filter
1663,41,23,False,Rejected by quality filter
1682,42,2,False,Rejected by quality filter
1707,42,27,False,Rejected by quality filter
1712,42,32,False,Rejected by quality filter
1722,43,2,False,Rejected by quality filter
1725,43,5,False,Rejected by quality filter
1738,43,18,False,Rejected by quality filter
1740,43,20,False,Rejected by quality filter
1744,43,24,False,Rejected by quality filter
1767,44,7,False,Rejected by quality filter
1808,45,8,False,Rejected by quality filter
1825,45,25,False,Rejected by quality filter
1848,46,8,False,Rejected by quality filter
1856,46,16,False,Rejected by quality filter
1861,46,21,False,Rejected by quality filter
1864,46,24,False,Rejected by quality filter
1869,46,29,False,Rejected by quality filter
1881,47,1,False,Rejected by quality filter
1893,47,13,False,Rejected by quality filter
1894,47,14,False,Rejected by quality filter
1915,47,35,False,Rejected by quality filter
1919,47,39,False,Rejected by quality filter
1952,48,32,False,Rejected by quality filter
1961,49,1,False,Rejected by quality filter
1969,49,9,False,Rejected by quality filter
1976,49,16,False,Rejected by quality filter
1982,49,22,False,Rejected by quality filter
1985,49,25,False,Rejected by quality filter
1996,49,36,False,Rejected by quality filter
2008,50,8,False,Rejected by quality filter
2029,50,29,False,Rejected by quality filter
2039,50,39,False,Rejected by quality filter
2050,51,10,False,Rejected by quality filter
2052,51,12,False,Rejected by quality filter
2056,51,16,False,Rejected by quality filter
2101,52,21,False,Rejected by quality filter
2112,52,32,False,Rejected by quality filter
2114,52,34,False,Rejected by quality filter
2127,53,7,False,Rejected by quality filter
2132,53,12,False,Rejected by quality filter
2133,53,13,False,Rejected by quality filter
2151,53,31,False,Rejected by quality filter
2164,54,4,False,Rejected by quality filter
2167,54,7,False,Rejected by quality filter
2199,54,39,False,Rejected by quality filter
2202,55,2,False,Rejected by quality filter
2212,55,12,False,Rejected by quality filter
2229,55,29,False,Rejected by quality filter
2241,56,1,False,Rejected by quality filter
2242,56,2,False,Rejected by quality filter
2245,56,5,False,Rejected by quality filter
2252,56,12,False,Rejected by quality filter
2274,56,34,False,Rejected by quality filter
2287,57,7,False,Rejected by quality filter
2293,57,13,False,Rejected by quality filter
2301,57,21,False,Rejected by quality filter
2312,57,32,False,Rejected by quality filter
2325,58,5,False,Rejected by quality filter
2346,58,26,False,Rejected by quality filter
2350,58,30,False,Rejected by quality filter
2365,59,5,False,Rejected by quality filter
2388,59,28,False,Rejected by quality filter
2391,59,31,False,Rejected by quality filter
2393,59,33,False,Rejected by quality filter
2405,60,5,False,Rejected by quality filter
2424,60,24,False,Rejected by quality filter
2426,60,26,False,Rejected by quality filter
2430,60,30,False,Rejected by quality filter
2434,60,34,False,Rejected by quality filter
2465,61,25,False,Rejected by quality filter
2466,61,26,False,Rejected by quality filter
2473,61,33,False,Rejected by quality filter
2521,63,1,False,Rejected by quality filter
2530,63,10,False,Rejected by quality filter
2534,63,14,False,Rejected by quality filter
2546,63,26,False,Rejected by quality filter
2550,63,30,False,Rejected by quality filter
2588,64,28,False,Rejected by quality filter
2590,64,30,False,Rejected by quality filter
2592,64,32,False,Rejected by quality filter
2599,64,39,False,Rejected by quality filter
2603,65,3,False,Rejected by quality filter
2639,65,39,False,Rejected by quality filter
2653,66,13,False,Rejected by quality filter
2680,67,0,False,Rejected by quality filter
2690,67,10,False,Rejected by quality filter
2691,67,11,False,Rejected by quality filter
2693,67,13,False,Rejected by quality filter
2695,67,15,False,Rejected by quality filter
2701,67,21,False,Rejected by quality filter
2709,67,29,False,Rejected by quality filter
2724,68,4,False,Rejected by quality filter
2734,68,14,False,Rejected by quality filter
2770,69,10,False,Rejected by quality filter
2771,69,11,False,Rejected by quality filter
2783,69,23,False,Rejected by quality filter
2787,69,27,False,Rejected by quality filter
2822,70,22,False,Rejected by quality filter
2849,71,9,False,Rejected by quality filter
2857,71,17,False,Rejected by quality filter
2863,71,23,False,Rejected by quality filter
2869,71,29,False,Rejected by quality filter
2881,72,1,False,Rejected by quality filter
2889,72,9,False,Rejected by quality filter
2891,72,11,False,Rejected by quality filter
2905,72,25,False,Rejected by quality filter
2907,72,27,False,Rejected by quality filter
2910,72,30,False,Rejected by quality filter
2915,72,35,False,Rejected by quality filter
2918,72,38,False,Rejected by quality filter
2945,73,25,False,Rejected by quality filter
2954,73,34,False,Rejected by quality filter
3000,75,0,False,Rejected by quality filter
3010,75,10,False,Rejected by quality filter
3036,75,36,False,Rejected by quality filter
3060,76,20,False,Rejected by quality filter
3061,76,21,False,Rejected by quality filter
3071,76,31,False,Rejected by quality filter
3107,77,27,False,Rejected by quality filter
3108,77,28,False,Rejected by quality filter
3124,78,4,False,Rejected by quality filter
3133,78,13,False,Rejected by quality filter
3135,78,15,False,Rejected by quality filter
3137,78,17,False,Rejected by quality filter
3138,78,18,False,Rejected by quality filter
3147,78,27,False,Rejected by quality filter
3154,78,34,False,Rejected by quality filter
3156,78,36,False,Rejected by quality filter
3164,79,4,False,Rejected by quality filter
3165,79,5,False,Rejected by quality filter
3169,79,9,False,Rejected by quality filter
3170,79,10,False,Rejected by quality filter
3175,79,15,False,Rejected by quality filter
3176,79,16,False,Rejected by quality filter
3184,79,24,False,Rejected by quality filter
3186,79,26,False,Best candidate became infeasible on re-simulation.
3195,79,35,False,Rejected by quality filter
3199,79,39,False,Rejected by quality filter
3201,80,1,False,Rejected by quality filter
3210,80,10,False,Rejected by quality filter
3219,80,19,False,Rejected by quality filter
3245,81,5,False,Rejected by quality filter
3280,82,0,False,Rejected by quality filter
3290,82,10,False,Rejected by quality filter
3300,82,20,False,Rejected by quality filter
3311,82,31,False,Rejected by quality filter
3322,83,2,False,Rejected by quality filter
3327,83,7,False,Rejected by quality filter
3356,83,36,False,Rejected by quality filter
3364,84,4,False,Rejected by quality filter
3377,84,17,False,Rejected by quality filter
3388,84,28,False,Rejected by quality filter
3404,85,4,False,Rejected by quality filter
3407,85,7,False,Rejected by quality filter
3415,85,15,False,Rejected by quality filter
3417,85,17,False,Rejected by quality filter
3419,85,19,False,Rejected by quality filter
3423,85,23,False,Rejected by quality filter
3424,85,24,False,Rejected by quality filter
3440,86,0,False,Rejected by quality filter
3450,86,10,False,Rejected by quality filter
3456,86,16,False,Rejected by quality filter
3471,86,31,False,Rejected by quality filter
3481,87,1,False,Rejected by quality filter
3485,87,5,False,Rejected by quality filter
3509,87,29,False,Rejected by quality filter
3534,88,14,False,Rejected by quality filter
3557,88,37,False,Rejected by quality filter
3594,89,34,False,Rejected by quality filter
3600,90,0,False,Rejected by quality filter
3610,90,10,False,Rejected by quality filter
3629,90,29,False,Rejected by quality filter
3636,90,36,False,Rejected by quality filter
3647,91,7,False,Rejected by quality filter
3651,91,11,False,Rejected by quality filter
3666,91,26,False,Rejected by quality filter
3675,91,35,False,Rejected by quality filter
3679,91,39,False,Rejected by quality filter
3690,92,10,False,Rejected by quality filter
3699,92,19,False,Rejected by quality filter
3703,92,23,False,Rejected by quality filter
3732,93,12,False,Rejected by quality filter
3746,93,26,False,Rejected by quality filter
3751,93,31,False,Rejected by quality filter
3782,94,22,False,Rejected by quality filter
3783,94,23,False,Rejected by quality filter
3804,95,4,False,Rejected by quality filter
3812,95,12,False,Rejected by quality filter
3871,96,31,False,Rejected by quality filter
3894,97,14,False,Rejected by quality filter
3921,98,1,False,Rejected by quality filter
3922,98,2,False,Rejected by quality filter
3938,98,18,False,Rejected by quality filter
3943,98,23,False,Rejected by quality filter
3958,98,38,False,Rejected by quality filter
3962,99,2,False,Rejected by quality filter
3991,99,31,False,Rejected by quality filter
4024,100,24,False,Rejected by quality filter
4050,101,10,False,Rejected by quality filter
4059,101,19,False,Rejected by quality filter
4089,102,9,False,Rejected by quality filter
4093,102,13,False,Rejected by quality filter
4105,102,25,False,Rejected by quality filter
4116,102,36,False,Rejected by quality filter
4125,103,5,False,Rejected by quality filter
4129,103,9,False,Rejected by quality filter
4145,103,25,False,Rejected by quality filter
4159,103,39,False,Rejected by quality filter
4163,104,3,False,Rejected by quality filter
4173,104,13,False,Rejected by quality filter
4187,104,27,False,Rejected by quality filter
4215,105,15,False,Rejected by quality filter
4220,105,20,False,Rejected by quality filter
4228,105,28,False,Rejected by quality filter
4239,105,39,False,Rejected by quality filter
4278,106,38,False,Rejected by quality filter
4281,107,1,False,Rejected by quality filter
4287,107,7,False,Rejected by quality filter
4292,107,12,False,Rejected by quality filter
4303,107,23,False,Rejected by quality filter
4312,107,32,False,Rejected by quality filter
4314,107,34,False,Rejected by quality filter
4341,108,21,False,Rejected by quality filter
4409,110,9,False,Rejected by quality filter
4420,110,20,False,Rejected by quality filter
4421,110,21,False,Rejected by quality filter
4422,110,22,False,Rejected by quality filter
4460,111,20,False,Rejected by quality filter
4486,112,6,False,Rejected by quality filter
4498,112,18,False,Rejected by quality filter
4529,113,9,False,Best candidate became infeasible on re-simulation.
4562,114,2,False,Rejected by quality filter
4573,114,13,False,Rejected by quality filter
4575,114,15,False,Rejected by quality filter
4586,114,26,False,Rejected by quality filter
4618,115,18,False,Rejected by quality filter
4626,115,26,False,Rejected by quality filter
4637,115,37,False,Rejected by quality filter
4641,116,1,False,Rejected by quality filter
4668,116,28,False,Rejected by quality filter
4685,117,5,False,Rejected by quality filter
4686,117,6,False,Rejected by quality filter
4709,117,29,False,Rejected by quality filter
4711,117,31,False,Rejected by quality filter
4718,117,38,False,Rejected by quality filter
4734,118,14,False,Rejected by quality filter
4736,118,16,False,Rejected by quality filter
4755,118,35,False,Rejected by quality filter
4771,119,11,False,Rejected by quality filter
4774,119,14,False,Rejected by quality filter
4795,119,35,False,Rejected by quality filter
4796,119,36,False,Rejected by quality filter
4799,119,39,False,Rejected by quality filter
4801,120,1,False,Rejected by quality filter
4811,120,11,False,Rejected by quality filter
4825,120,25,False,Rejected by quality filter
4846,121,6,False,Rejected by quality filter
4861,121,21,False,Rejected by quality filter
4866,121,26,False,Rejected by quality filter
4877,121,37,False,Rejected by quality filter
4896,122,16,False,Rejected by quality filter
4897,122,17,False,Rejected by quality filter
4905,122,25,False,Rejected by quality filter
4913,122,33,False,Rejected by quality filter
4925,123,5,False,Rejected by quality filter
4944,123,24,False,Rejected by quality filter
4960,124,0,False,Rejected by quality filter
4971,124,11,False,Rejected by quality filter
4980,124,20,False,Rejected by quality filter
4991,124,31,False,Rejected by quality filter
4994,124,34,False,Rejected by quality filter
