sample_id,model_idx,scenario_idx,success,Ra,La,J,b,Kt,Ke,gain_proxy,Te,Tm,reference_type,ref_amplitude,ref_secondary_amplitude,disturbance_amplitude,noise_std,q1,q2,r1,iae,ise,control_energy,control_variation,overshoot,settling_time,meta_cost,search_method,sample_dir
0,0,0,True,2.2191648388447707,0.4877756879504105,0.02602037087875935,0.22368416348712367,0.091883546957753,0.10951244703273513,0.1814251052846351,0.2198014673864117,0.11632638839118,sine,98.60643052769538,32.81136326755458,0.05754604803226582,0.411380806635415,5.233951332687845,0.001000110012026936,0.5107447750864883,206.89493653617066,17993.49383377603,1342.4030316427632,1.6000344388473628,0.0,2.4,36676.072630464645,LHS+Powell,mpc_qr_dataset_streaming\samples\sample_000000
1,0,1,True,2.2191648388447707,0.4877756879504105,0.02602037087875935,0.22368416348712367,0.091883546957753,0.10951244703273513,0.1814251052846351,0.2198014673864117,0.11632638839118,multi_step,42.72387217847769,75.45847870158349,0.10323509603414954,0.17726298406493418,0.029086930971342795,0.002719314388270143,0.5107447750864883,134.85077265646632,8229.631187621753,1342.3968823611795,1.6000098132030858,0.0,2.4,16932.214537821626,LHS+Powell,mpc_qr_dataset_streaming\samples\sample_000001
2,0,2,True,2.2191648388447707,0.4877756879504105,0.02602037087875935,0.22368416348712367,0.091883546957753,0.10951244703273513,0.1814251052846351,0.2198014673864117,0.11632638839118,step,109.31211213221977,97.83834970737618,-0.13828420317298087,0.3415244766212273,0.05246817603518114,0.19579250709528276,3.8513637230343383,253.20158372776646,26719.573985370356,1342.4006375764843,1.6001168093131901,0.0,2.4,54267.1527596433,LHS+Powell,mpc_qr_dataset_streaming\samples\sample_000002
3,0,3,True,2.2191648388447707,0.4877756879504105,0.02602037087875935,0.22368416348712367,0.091883546957753,0.10951244703273513,0.1814251052846351,0.2198014673864117,0.11632638839118,sine,116.750973243421,52.58253581381519,-0.14803139786581135,0.23785246311296687,2.1101309145144036,0.002744355554293376,1.0200129518657466,249.70803292090525,26135.37267175219,1342.4123932734976,1.5999984005347332,0.0,2.4,53088.270061850795,LHS+Powell,mpc_qr_dataset_streaming\samples\sample_000003
4,0,4,True,2.2191648388447707,0.4877756879504105,0.02602037087875935,0.22368416348712367,0.091883546957753,0.10951244703273513,0.1814251052846351,0.2198014673864117,0.11632638839118,step,86.98139946825104,63.715191887233075,0.13290392055808042,0.40238217874840093,23.370177397816093,0.04754750622455338,0.00034569776037483277,199.8543910542109,16643.34351781123,1342.3997362837108,1.6000177870932626,0.0,2.4,33954.650196488634,LHS,mpc_qr_dataset_streaming\samples\sample_000004
5,0,5,True,2.2191648388447707,0.4877756879504105,0.02602037087875935,0.22368416348712367,0.091883546957753,0.10951244703273513,0.1814251052846351,0.2198014673864117,0.11632638839118,sine,48.83281039302441,88.24955039749754,0.11476975100085535,0.33242542829601607,5.0328130962825,0.031124762124383504,0.052149026585184145,191.78331427996136,15359.588006651607,1342.401948717622,1.5999801539550107,0.0,2.4,31362.926052586678,LHS,mpc_qr_dataset_streaming\samples\sample_000005
6,0,6,True,2.2191648388447707,0.4877756879504105,0.02602037087875935,0.22368416348712367,0.091883546957753,0.10951244703273513,0.1814251052846351,0.2198014673864117,0.11632638839118,multi_step,98.07290310219679,65.891577553834,0.06736118471618868,0.23554810307156626,3.9552866385024834,0.0060678648240328065,0.00012607032193301837,197.92411374878316,17027.561788766903,1342.4029787955328,1.6000282679355404,0.0,2.4,34717.296069133336,LHS,mpc_qr_dataset_streaming\samples\sample_000006
7,0,7,True,2.2191648388447707,0.4877756879504105,0.02602037087875935,0.22368416348712367,0.091883546957753,0.10951244703273513,0.1814251052846351,0.2198014673864117,0.11632638839118,sine,96.49988574160255,83.47183200005908,-0.18767286617282425,0.21835869461618118,1.0537717178317065,104.14370409189999,0.000245022483821217,217.62253901802927,19735.436654948928,1342.4047875815427,1.600016093793491,0.0,2.4,40192.1411671357,LHS,mpc_qr_dataset_streaming\samples\sample_000007
8,0,8,True,2.2191648388447707,0.4877756879504105,0.02602037087875935,0.22368416348712367,0.091883546957753,0.10951244703273513,0.1814251052846351,0.2198014673864117,0.11632638839118,sine,60.852864372463614,105.34030732681661,-0.08256249689332656,0.33095825736344753,0.2172067180777068,0.19579250709528276,0.10185890112210284,231.23075324163838,22318.42365172619,1342.402232489171,1.5999583865675542,0.0,2.4,45398.93967272107,LHS+Powell,mpc_qr_dataset_streaming\samples\sample_000008
9,0,9,True,2.2191648388447707,0.4877756879504105,0.02602037087875935,0.22368416348712367,0.091883546957753,0.10951244703273513,0.1814251052846351,0.2198014673864117,0.11632638839118,step,98.38982091064135,86.43135403273875,-0.1909151707464558,0.045023930387820876,0.3346624506695323,0.005752359796294498,0.18006800425169397,224.73198318341906,21047.543506973656,1342.391998467475,1.6000096611269776,0.0,2.4,42837.682563904,LHS,mpc_qr_dataset_streaming\samples\sample_000009
10,1,0,True,2.1778874804771604,0.4923754460502775,0.016257804906470424,0.20012537301240363,0.09304624205426337,0.10392640750155474,0.20884839369890712,0.22607937759135352,0.08123809920625495,multi_step,58.10212260964825,50.15120891478765,-0.1527976391517939,0.48094883227475727,5.108232805327901,5.421209545687677,0.016828186715062397,119.15009468490618,5985.025460934916,1342.403489661332,1.600007397428237,0.0,2.4,12395.90138077749,LHS+Powell,mpc_qr_dataset_streaming\samples\sample_000010
11,1,1,True,2.1778874804771604,0.4923754460502775,0.016257804906470424,0.20012537301240363,0.09304624205426337,0.10392640750155474,0.20884839369890712,0.22607937759135352,0.08123809920625495,multi_step,89.97071338107496,46.58699614595196,-0.02025539914248453,0.1361207809225795,5.474619310344435,0.3535021263509666,0.0009011488593739091,173.1305304346281,13458.444744691482,1342.4002978843575,1.600002252057496,0.0,2.4,27504.68109569367,LHS+Powell,mpc_qr_dataset_streaming\samples\sample_000011
12,1,2,True,2.1778874804771604,0.4923754460502775,0.016257804906470424,0.20012537301240363,0.09304624205426337,0.10392640750155474,0.20884839369890712,0.22607937759135352,0.08123809920625495,step,110.26023965438416,65.57762898336111,-0.12929088682430734,0.42830714204618775,33.45498194464326,12.414054179820026,0.024011537667037296,254.79601699970473,27065.276606572796,1342.4060526849028,1.5999961142510168,0.0,2.4,54963.34156658466,LHS,mpc_qr_dataset_streaming\samples\sample_000012
13,1,3,True,2.1778874804771604,0.4923754460502775,0.016257804906470424,0.20012537301240363,0.09304624205426337,0.10392640750155474,0.20884839369890712,0.22607937759135352,0.08123809920625495,step,91.94629559509367,63.20930397751037,-0.16622227154404437,0.20790370108530482,5.10744775086488,5.107447750864883,0.0006111682109616709,208.70090704733602,18152.77150164501,1342.400996357553,1.6000008622706454,0.0,2.4,37000.045774293016,LHS+Powell,mpc_qr_dataset_streaming\samples\sample_000013
14,1,4,True,2.1778874804771604,0.4923754460502775,0.016257804906470424,0.20012537301240363,0.09304624205426337,0.10392640750155474,0.20884839369890712,0.22607937759135352,0.08123809920625495,sine,69.39908192445189,52.98612123327853,-0.13176281258524558,0.4625600591883986,0.3703975755054351,2.914984131236802,0.09522321835052988,151.37869636871557,9559.80546068386,1342.398946771563,1.6000029557416242,0.0,2.4,19642.14695796023,LHS,mpc_qr_dataset_streaming\samples\sample_000014
15,1,5,True,2.1778874804771604,0.4923754460502775,0.016257804906470424,0.20012537301240363,0.09304624205426337,0.10392640750155474,0.20884839369890712,0.22607937759135352,0.08123809920625495,sine,54.686980453483706,79.09154914814167,0.11309409090011452,0.041364999961219284,0.011320180739622359,0.1363888407523187,0.13166867597227955,170.64730692773628,12178.469867588181,1342.4017126952751,1.600016987205946,0.0,2.4,24937.281742443698,LHS,mpc_qr_dataset_streaming\samples\sample_000015
16,1,6,True,2.1778874804771604,0.4923754460502775,0.016257804906470424,0.20012537301240363,0.09304624205426337,0.10392640750155474,0.20884839369890712,0.22607937759135352,0.08123809920625495,step,69.0706994354521,113.78264549749828,-0.06737240106297912,0.2603362012357689,13.303029311988212,1.7363193800990968,0.007600805809914316,155.39132368405856,10066.723123502012,1342.4063213949103,1.5999949602250203,0.0,2.4,20668.020533873954,LHS+Powell,mpc_qr_dataset_streaming\samples\sample_000016
17,1,7,True,2.1778874804771604,0.4923754460502775,0.016257804906470424,0.20012537301240363,0.09304624205426337,0.10392640750155474,0.20884839369890712,0.22607937759135352,0.08123809920625495,sine,22.16120798803304,102.62919241943578,-0.15656970354582259,0.33612004651990585,6.870752947420874,0.0010001089256862505,0.4352488164365247,209.16310772687564,18439.300798695716,1342.405897812363,1.5999930248566956,0.0,2.4,37574.49121511392,LHS+Powell,mpc_qr_dataset_streaming\samples\sample_000017
18,1,8,True,2.1778874804771604,0.4923754460502775,0.016257804906470424,0.20012537301240363,0.09304624205426337,0.10392640750155474,0.20884839369890712,0.22607937759135352,0.08123809920625495,step,85.94226346919018,92.69946142868827,-0.10791440364204768,0.01870627808808989,0.0010000877817300331,0.0010001349454298763,3.6427214616451167,196.83571228761934,16171.679800683209,1342.399990949856,1.59999757687424,0.0,2.4,33002.26673765561,LHS+Powell,mpc_qr_dataset_streaming\samples\sample_000018
19,1,9,True,2.1778874804771604,0.4923754460502775,0.016257804906470424,0.20012537301240363,0.09304624205426337,0.10392640750155474,0.20884839369890712,0.22607937759135352,0.08123809920625495,step,57.092228386243875,102.97897431324131,-0.08363286474395255,0.25752856461585727,11.094158100529805,0.08284476923525566,0.041506132870753845,126.69451187780022,6701.098299231164,1342.3982108692826,1.600001193230542,0.0,2.4,13850.680044698855,LHS,mpc_qr_dataset_streaming\samples\sample_000019
20,2,0,True,1.8047720724540823,0.5872087140097927,0.016304509446148252,0.14538927432707946,0.09870194120006076,0.10984751128111676,0.3612324186670675,0.32536447287292153,0.11214382575064176,step,94.86080194569492,109.07924908785249,0.10880497284439522,0.33083063158388054,38.33470583465639,0.07028538362101731,0.00010001302141127148,211.42681194056567,18636.427468758804,1342.414634260794,1.5999961002223981,0.0,2.4,37975.536104857354,LHS+Powell,mpc_qr_dataset_streaming\samples\sample_000020
21,2,1,True,1.8047720724540823,0.5872087140097927,0.016304509446148252,0.14538927432707946,0.09870194120006076,0.10984751128111676,0.3612324186670675,0.32536447287292153,0.11214382575064176,multi_step,29.446666806151526,94.6789611349026,-0.1508968270354056,0.41555633606245307,1.1621920525218692,18.321118507451438,0.0003531429380008767,140.4319915545034,10564.021541558994,1342.392722727008,1.600003528119689,0.0,2.4,21617.738694094256,LHS,mpc_qr_dataset_streaming\samples\sample_000021
22,2,2,True,1.8047720724540823,0.5872087140097927,0.016304509446148252,0.14538927432707946,0.09870194120006076,0.10984751128111676,0.3612324186670675,0.32536447287292153,0.11214382575064176,sine,37.92683081577391,79.93827915208435,0.11096193529647103,0.4859132130304837,0.9659031893194159,0.19579250709528276,0.876873207186705,163.27560360410243,11137.622944047798,1342.4111298741586,1.6000019832439203,0.0,2.4,22833.473255500776,LHS+Powell,mpc_qr_dataset_streaming\samples\sample_000022
23,2,3,True,1.8047720724540823,0.5872087140097927,0.016304509446148252,0.14538927432707946,0.09870194120006076,0.10984751128111676,0.3612324186670675,0.32536447287292153,0.11214382575064176,multi_step,34.38975025512508,21.393628770820154,-0.15126699814858757,0.2531649658103165,5.272686879198009,0.19579250709528276,0.0038334741457429107,50.467171697054404,1308.8421032669983,1342.402824960256,1.5999833016001441,0.0,2.4,2837.4858620382524,LHS+Powell,mpc_qr_dataset_streaming\samples\sample_000023
24,2,4,True,1.8047720724540823,0.5872087140097927,0.016304509446148252,0.14538927432707946,0.09870194120006076,0.10984751128111676,0.3612324186670675,0.32536447287292153,0.11214382575064176,sine,78.11166092209024,39.97756516600576,-0.14757689937707472,0.061876901825172304,5.107447750864883,0.20703698340603036,0.11010449663651795,155.11276278767005,10060.746687345292,1342.4084541737463,1.6000005133574855,0.0,2.4,20655.23208578795,LHS+Powell,mpc_qr_dataset_streaming\samples\sample_000024
25,2,5,True,1.8047720724540823,0.5872087140097927,0.016304509446148252,0.14538927432707946,0.09870194120006076,0.10984751128111676,0.3612324186670675,0.32536447287292153,0.11214382575064176,multi_step,59.75781938249406,50.09486917809397,-0.085421509247178,0.46240421465601356,0.01855275009999057,32.534286919881076,0.00038234339562144353,118.47375146120321,5927.82049830146,1342.3992660029348,1.6000141034213613,0.0,2.4,12279.462214991849,LHS,mpc_qr_dataset_streaming\samples\sample_000025
26,2,6,True,1.8047720724540823,0.5872087140097927,0.016304509446148252,0.14538927432707946,0.09870194120006076,0.10984751128111676,0.3612324186670675,0.32536447287292153,0.11214382575064176,multi_step,75.51980423268247,83.39751116810851,0.18649276485727267,0.2980212766171864,1.3373476521084864,16.833493560881514,0.03766250852851275,181.5824911224698,13759.104494403526,1342.3994535408565,1.6000049243818797,0.0,2.4,28131.356435097725,LHS,mpc_qr_dataset_streaming\samples\sample_000026
27,2,7,True,1.8047720724540823,0.5872087140097927,0.016304509446148252,0.14538927432707946,0.09870194120006076,0.10984751128111676,0.3612324186670675,0.32536447287292153,0.11214382575064176,step,100.43609156129708,66.73816015552916,0.13177144595309453,0.39840854416258087,41.41026295762258,0.026086022527814775,0.15109192087829978,227.19491569133038,21569.249642350776,1342.434454477556,1.6000317453129262,0.0,2.4,43888.48575608669,LHS+Powell,mpc_qr_dataset_streaming\samples\sample_000027
28,2,8,True,1.8047720724540823,0.5872087140097927,0.016304509446148252,0.14538927432707946,0.09870194120006076,0.10984751128111676,0.3612324186670675,0.32536447287292153,0.11214382575064176,multi_step,73.07695905990535,80.60158207000109,-0.05032638263712694,0.21294104318675494,0.026086022527814775,0.026086022527814775,0.510744775086488,169.05789371056855,11919.546752485761,1342.3977223809861,1.5999991541790517,0.0,2.4,24414.66707217999,LHS+Powell,mpc_qr_dataset_streaming\samples\sample_000028
29,2,9,True,1.8047720724540823,0.5872087140097927,0.016304509446148252,0.14538927432707946,0.09870194120006076,0.10984751128111676,0.3612324186670675,0.32536447287292153,0.11214382575064176,step,106.7490631752325,65.38968820762997,0.12662750536956419,0.05263903992706248,5.10744775086488,0.009231212392341802,0.5107447750864885,241.33438520836702,24306.692449875558,1342.3972080635572,1.6000019347023746,0.0,2.4,49405.78791587612,LHS+Powell,mpc_qr_dataset_streaming\samples\sample_000029
30,3,0,True,1.6532470855641426,0.5188867327512904,0.016046425418697777,0.23895970285476098,0.0962066934784815,0.09287743865942287,0.23813840756531962,0.31385915467936787,0.0671511774872383,sine,36.55317227352782,48.47200823379356,-0.17784183633429596,0.08732073546792635,0.008194276957592736,0.0010001372942296653,0.04185753316942479,101.64079233174488,4317.247171240456,1342.3993023046835,1.599958245637865,0.0,2.4,9007.816682503664,LHS+Powell,mpc_qr_dataset_streaming\samples\sample_000030
31,3,1,True,1.6532470855641426,0.5188867327512904,0.016046425418697777,0.23895970285476098,0.0962066934784815,0.09287743865942287,0.23813840756531962,0.31385915467936787,0.0671511774872383,sine,79.11438161109712,88.07145267995064,0.15000197689384343,0.425565813411103,0.0021530309974563395,0.03989487068704159,0.10862484867337041,198.0059829705977,16340.519343897644,1342.400753958286,1.6000049478749065,0.0,2.4,33343.456674652385,LHS,mpc_qr_dataset_streaming\samples\sample_000031
32,3,2,True,1.6532470855641426,0.5188867327512904,0.016046425418697777,0.23895970285476098,0.0962066934784815,0.09287743865942287,0.23813840756531962,0.31385915467936787,0.0671511774872383,multi_step,38.14984095965241,43.6744871104396,-0.1802983520289624,0.1868070692297858,5.825222224778669,0.0010000776773264742,0.0007955978658334505,89.58336339665162,3347.921440553585,1342.4052893414712,1.5999963906065673,0.0,2.4,7032.993235583729,LHS+Powell,mpc_qr_dataset_streaming\samples\sample_000032
33,3,3,True,1.6532470855641426,0.5188867327512904,0.016046425418697777,0.23895970285476098,0.0962066934784815,0.09287743865942287,0.23813840756531962,0.31385915467936787,0.0671511774872383,sine,30.167190290371597,103.34585537885597,0.1374299806391011,0.45132657196380854,0.09765500442020017,0.001236152375624043,1.6123511357837101,211.67132770934134,18939.379851042195,1342.4038268338977,1.6000029550020372,0.0,2.4,38582.173876701854,LHS,mpc_qr_dataset_streaming\samples\sample_000033
34,3,4,True,1.6532470855641426,0.5188867327512904,0.016046425418697777,0.23895970285476098,0.0962066934784815,0.09287743865942287,0.23813840756531962,0.31385915467936787,0.0671511774872383,step,100.20258802735935,97.94775407713288,0.01442721437905492,0.25711143509520723,26.864459901195996,0.0015786991236902885,0.0001650520180543692,228.36705097849537,21733.458715532626,1342.4223605545342,1.600009508133511,0.0,2.4,44220.41970250387,LHS,mpc_qr_dataset_streaming\samples\sample_000034
35,3,5,True,1.6532470855641426,0.5188867327512904,0.016046425418697777,0.23895970285476098,0.0962066934784815,0.09287743865942287,0.23813840756531962,0.31385915467936787,0.0671511774872383,sine,66.27993655935158,58.508949610035344,-0.00884909039050169,0.2084446842974425,0.026086022527814775,0.0010000799840921856,0.02793794696284991,145.80006196723647,8864.61631897289,1342.4002728968435,1.599970087505831,0.0,2.4,18235.032835996706,LHS+Powell,mpc_qr_dataset_streaming\samples\sample_000035
36,3,6,True,1.6532470855641426,0.5188867327512904,0.016046425418697777,0.23895970285476098,0.0962066934784815,0.09287743865942287,0.23813840756531962,0.31385915467936787,0.0671511774872383,multi_step,56.7511810115128,56.63924498262474,-0.08124941017148589,0.4744289633576702,0.026082546826055066,61.69404664601386,0.004982621854918362,124.70840832209757,6492.777088999604,1342.3922640470323,1.600011266139785,0.0,2.4,13428.079016731159,LHS+Powell,mpc_qr_dataset_streaming\samples\sample_000036
37,3,7,True,1.6532470855641426,0.5188867327512904,0.016046425418697777,0.23895970285476098,0.0962066934784815,0.09287743865942287,0.23813840756531962,0.31385915467936787,0.0671511774872383,sine,68.09104283000786,52.83612050046888,0.12175673117883096,0.2663611380328701,8.660383063031352,0.08526147539328448,0.06712944272841478,146.55350060042872,8961.952378327973,1342.4022467304385,1.5999753574596653,0.0,2.4,18431.965369561625,LHS,mpc_qr_dataset_streaming\samples\sample_000037
38,3,8,True,1.6532470855641426,0.5188867327512904,0.016046425418697777,0.23895970285476098,0.0962066934784815,0.09287743865942287,0.23813840756531962,0.31385915467936787,0.0671511774872383,sine,48.815561418246176,93.48931623102908,-0.14715886507938244,0.3071898702709599,23.977682037119575,0.5858062504546361,0.00012009418801931905,197.02687397912348,16243.733537458662,1342.052013221478,1.6003815070550074,0.0,2.4,33146.93031659112,LHS,mpc_qr_dataset_streaming\samples\sample_000038
39,3,9,True,1.6532470855641426,0.5188867327512904,0.016046425418697777,0.23895970285476098,0.0962066934784815,0.09287743865942287,0.23813840756531962,0.31385915467936787,0.0671511774872383,multi_step,92.57156282714269,28.449321882352024,0.12035367043403866,0.29684100223317705,4.650762286041392,0.37682213064943043,0.0007505648164127546,103.03896742400892,6751.301597335587,1342.404286510332,1.5999968888449885,0.0,2.4,13880.120311113158,LHS+Powell,mpc_qr_dataset_streaming\samples\sample_000039
40,4,0,True,2.2260992837036375,0.5590229677966172,0.027244378879442623,0.17040600246070248,0.10180151790716618,0.09190098395128804,0.2619050078809149,0.25112220820023423,0.15987922072008867,multi_step,37.12913040927888,76.49506114724419,0.10556935600263517,0.3996223582560333,5.10744775086488,0.05857916024884689,0.01058559638718921,120.10468633456196,6853.8733986478555,1342.407076610133,1.5999905972181654,0.0,2.4,14136.461209659765,LHS+Powell,mpc_qr_dataset_streaming\samples\sample_000040
41,4,1,True,2.2260992837036375,0.5590229677966172,0.027244378879442623,0.17040600246070248,0.10180151790716618,0.09190098395128804,0.2619050078809149,0.25112220820023423,0.15987922072008867,multi_step,79.95934415226122,113.12362356901018,0.06314531401621115,0.20930415039518974,4.1682969706971775,17.1371095629688,0.035224062410058404,223.21129755852542,21289.377656265282,1342.402976426373,1.6000071833715948,0.0,2.4,43316.78935438663,LHS+Powell,mpc_qr_dataset_streaming\samples\sample_000041
42,4,2,True,2.2260992837036375,0.5590229677966172,0.027244378879442623,0.17040600246070248,0.10180151790716618,0.09190098395128804,0.2619050078809149,0.25112220820023423,0.15987922072008867,sine,87.12314133085926,53.36377583282382,-0.0543231928911784,0.15721999010213145,5.38404859683217,2.7058426847714405,0.07658479549510806,183.3456538885848,14060.192839558427,1342.4077838268272,1.599980245298584,0.0,2.4,28738.82302898622,LHS+Powell,mpc_qr_dataset_streaming\samples\sample_000042
43,4,3,True,2.2260992837036375,0.5590229677966172,0.027244378879442623,0.17040600246070248,0.10180151790716618,0.09190098395128804,0.2619050078809149,0.25112220820023423,0.15987922072008867,step,34.77833725421917,113.61274633757441,0.021197226101159983,0.4680699934192311,4.482034223748687,5.3871635226276915,0.0013426849060194357,72.2844274263845,2193.7675240891235,1342.4037589688583,1.600000872732366,0.0,2.4,4672.78851844948,LHS+Powell,mpc_qr_dataset_streaming\samples\sample_000043
44,4,4,True,2.2260992837036375,0.5590229677966172,0.027244378879442623,0.17040600246070248,0.10180151790716618,0.09190098395128804,0.2619050078809149,0.25112220820023423,0.15987922072008867,multi_step,67.93695641245404,57.635947348082624,-0.15260856911318346,0.4252668395953913,0.001573749777363292,38.33470583465639,0.00244950619843805,139.5741947762746,8193.559309781855,1342.4001450536866,1.6000157690501429,0.0,2.4,16874.241211933673,LHS+Powell,mpc_qr_dataset_streaming\samples\sample_000044
45,4,5,True,2.2260992837036375,0.5590229677966172,0.027244378879442623,0.17040600246070248,0.10180151790716618,0.09190098395128804,0.2619050078809149,0.25112220820023423,0.15987922072008867,sine,32.192167833511256,78.82579999692206,0.13015980447852848,0.14767951267204493,4.026054519682521,0.19579250709528276,0.023246974223042886,165.71932600327622,11477.97667887731,1342.4023531138644,1.600007783580854,0.0,2.4,23521.511453809322,LHS+Powell,mpc_qr_dataset_streaming\samples\sample_000045
46,4,6,True,2.2260992837036375,0.5590229677966172,0.027244378879442623,0.17040600246070248,0.10180151790716618,0.09190098395128804,0.2619050078809149,0.25112220820023423,0.15987922072008867,sine,64.23141270678931,50.19273914424916,0.19881386313502925,0.4396000121538726,4.6634134537995,41.082875226777354,0.019579250709528276,136.26210555853638,7750.887689543001,1342.4012779127268,1.600000460757156,0.0,2.4,15978.961759680285,LHS+Powell,mpc_qr_dataset_streaming\samples\sample_000046
47,4,7,True,2.2260992837036375,0.5590229677966172,0.027244378879442623,0.17040600246070248,0.10180151790716618,0.09190098395128804,0.2619050078809149,0.25112220820023423,0.15987922072008867,sine,103.68965796609382,30.641953187138284,-0.16382370920634692,0.44851669944831263,5.436719538465008,0.026086022527814775,0.003290928314186135,209.30618950662685,18476.489637715527,1342.4065136270756,1.6000001359048301,0.0,2.4,37649.298169639085,LHS+Powell,mpc_qr_dataset_streaming\samples\sample_000047
48,4,8,True,2.2260992837036375,0.5590229677966172,0.027244378879442623,0.17040600246070248,0.10180151790716618,0.09190098395128804,0.2619050078809149,0.25112220820023423,0.15987922072008867,sine,44.082805804114706,34.3021875166635,0.06250761573099606,0.018081355247348108,2.3088932382773137,4.176186530171252,0.019579250709528276,92.80043979208284,3604.440214047263,1342.4027526887612,1.600011090964167,0.0,2.4,7555.68188565976,LHS+Powell,mpc_qr_dataset_streaming\samples\sample_000048
49,4,9,True,2.2260992837036375,0.5590229677966172,0.027244378879442623,0.17040600246070248,0.10180151790716618,0.09190098395128804,0.2619050078809149,0.25112220820023423,0.15987922072008867,step,25.165791701439893,80.59251776477277,-0.17710722393869585,0.4004819268208381,0.026086022527814775,1.207456360973381,0.031509911978393694,48.39330204464065,1012.1098098170567,1342.3998357556236,1.6000015834074341,0.0,2.4,2237.799517634987,LHS+Powell,mpc_qr_dataset_streaming\samples\sample_000049
50,5,0,True,2.3422363441378242,0.5544216798208761,0.02377369097570092,0.24055762623864602,0.09080302599094134,0.09403564221438111,0.15875167342264826,0.23670612114293632,0.09882742587473052,step,70.45309901929866,94.51881283288445,0.09384843677406463,0.09652074543445205,0.026086022527814775,29.62192268928746,0.019299900444543223,160.3248294787047,10715.08314249336,1342.4011642032567,1.600024132188037,0.0,2.4,21979.540832839608,LHS+Powell,mpc_qr_dataset_streaming\samples\sample_000050
51,5,1,True,2.3422363441378242,0.5544216798208761,0.02377369097570092,0.24055762623864602,0.09080302599094134,0.09403564221438111,0.15875167342264826,0.23670612114293632,0.09882742587473052,step,90.99046972813039,118.02047848986818,-0.18305977936793316,0.4420728556834086,18.151723248862307,0.06424360269160076,0.007323245856564749,211.31446778537062,18640.573346877092,1342.4009744436826,1.6000374818359142,0.0,2.4,37983.49014770657,LHS,mpc_qr_dataset_streaming\samples\sample_000051
52,5,2,True,2.3422363441378242,0.5544216798208761,0.02377369097570092,0.24055762623864602,0.09080302599094134,0.09403564221438111,0.15875167342264826,0.23670612114293632,0.09882742587473052,multi_step,37.31278464225032,29.17210058241981,0.11363237933656317,0.31820417105388843,4.641789901130191,12.979439089856394,0.025365064033893672,72.57689310223552,2237.1087161977143,1342.404756749444,1.600000614615447,0.0,2.4,4760.348349570338,LHS+Powell,mpc_qr_dataset_streaming\samples\sample_000052
53,5,3,True,2.3422363441378242,0.5544216798208761,0.02377369097570092,0.24055762623864602,0.09080302599094134,0.09403564221438111,0.15875167342264826,0.23670612114293632,0.09882742587473052,sine,34.51302546650497,114.60244535580951,0.059693262098123534,0.4702972048477592,0.006804763448297199,0.005556925389795454,1.141126120912126,240.5355758071271,24404.498831205405,1342.4229613088546,1.599995646428082,0.0,2.4,49599.00553767995,LHS,mpc_qr_dataset_streaming\samples\sample_000053
54,5,4,True,2.3422363441378242,0.5544216798208761,0.02377369097570092,0.24055762623864602,0.09080302599094134,0.09403564221438111,0.15875167342264826,0.23670612114293632,0.09882742587473052,step,70.8352738446942,60.403439074076594,-0.08876978168749705,0.15235230188041565,11.182916834030792,5.143388968548333,0.00010464721734922136,163.84676543875253,11211.28796916493,1342.4047265410354,1.5999974103845194,0.0,2.4,22982.51647084369,LHS+Powell,mpc_qr_dataset_streaming\samples\sample_000054
55,5,5,True,2.3422363441378242,0.5544216798208761,0.02377369097570092,0.24055762623864602,0.09080302599094134,0.09403564221438111,0.15875167342264826,0.23670612114293632,0.09882742587473052,multi_step,81.09875470366282,83.4629117418263,0.035322499363603294,0.15852045565861894,0.9610626106425784,0.026086022527814775,0.10001092641715738,190.56711293308237,15136.119839515743,1342.399861052125,1.599941354407885,0.0,2.4,30912.34100795106,LHS+Powell,mpc_qr_dataset_streaming\samples\sample_000055
56,5,6,True,2.3422363441378242,0.5544216798208761,0.02377369097570092,0.24055762623864602,0.09080302599094134,0.09403564221438111,0.15875167342264826,0.23670612114293632,0.09882742587473052,sine,61.84000441568604,67.41326750901703,0.08080087244414857,0.323974241100605,4.626520709111184,0.0010554488940992548,0.0002159742097094833,152.48714517743477,9688.86021679726,1342.4063334658533,1.6000152149373046,0.0,2.4,19903.582186560863,LHS+Powell,mpc_qr_dataset_streaming\samples\sample_000056
57,5,7,True,2.3422363441378242,0.5544216798208761,0.02377369097570092,0.24055762623864602,0.09080302599094134,0.09403564221438111,0.15875167342264826,0.23670612114293632,0.09882742587473052,multi_step,51.62141518240431,98.74322219859539,-0.055737066219898296,0.2563696223033791,0.027799148864579504,45.573681816194814,0.40680777502745175,164.3365720775022,12478.20232906583,1342.4002694419871,1.6000036660307873,0.0,2.4,25517.81438801957,LHS+Powell,mpc_qr_dataset_streaming\samples\sample_000057
58,5,8,True,2.3422363441378242,0.5544216798208761,0.02377369097570092,0.24055762623864602,0.09080302599094134,0.09403564221438111,0.15875167342264826,0.23670612114293632,0.09882742587473052,sine,108.64028867237077,112.10571972951917,-0.07421972330231949,0.4186911811725343,32.57560145195968,0.061713776379599926,0.0728917601766215,259.7108408674526,28104.9786607784,1342.4128007729412,1.599984230587177,0.0,2.4,57057.490483409325,LHS,mpc_qr_dataset_streaming\samples\sample_000058
59,5,9,True,2.3422363441378242,0.5544216798208761,0.02377369097570092,0.24055762623864602,0.09080302599094134,0.09403564221438111,0.15875167342264826,0.23670612114293632,0.09882742587473052,multi_step,31.585672433526838,27.20591470729437,-0.06634798379938167,0.0864972225957969,7.290829490399883,0.11309437752789606,0.019579250709528276,64.13408613449391,1772.4188606442872,1342.4010811782823,1.6000043395364845,0.0,2.4,3805.640033967947,LHS+Powell,mpc_qr_dataset_streaming\samples\sample_000059
60,6,0,True,1.8511146958415914,0.5485385133450171,0.01420555980984099,0.23926081094248242,0.10713096047149118,0.09744523146383098,0.23631554737363875,0.2963287550886356,0.05937269774303308,sine,80.08404079450808,31.967255586489433,0.10884195654183426,0.1554807549603831,6.7087602247769444,0.24717728421517454,0.09136003268400299,164.36584763702282,11379.536032423559,1342.4056251955085,1.5999883283428529,0.0,2.4,23320.56988843438,LHS+Powell,mpc_qr_dataset_streaming\samples\sample_000060
61,6,1,True,1.8511146958415914,0.5485385133450171,0.01420555980984099,0.23926081094248242,0.10713096047149118,0.09744523146383098,0.23631554737363875,0.2963287550886356,0.05937269774303308,sine,90.54063654840127,58.784169516364976,0.010035321186904478,0.08187565212914794,8.269630817628249,0.026086022527814775,0.03223937071366404,196.65743433375323,16137.944557737517,1342.4083590968232,1.5999861795802661,0.0,2.4,32934.261835740115,LHS+Powell,mpc_qr_dataset_streaming\samples\sample_000061
62,6,2,True,1.8511146958415914,0.5485385133450171,0.01420555980984099,0.23926081094248242,0.10713096047149118,0.09744523146383098,0.23631554737363875,0.2963287550886356,0.05937269774303308,sine,103.6304290550238,118.91330026836054,-0.14336164457249012,0.22412280662717554,0.14095641614659124,5.107447750864883,0.019579250709528276,267.5890761330283,29844.76594071314,1342.392951302241,1.600022344666651,0.0,2.4,60560.6987585077,LHS+Powell,mpc_qr_dataset_streaming\samples\sample_000062
63,6,3,True,1.8511146958415914,0.5485385133450171,0.01420555980984099,0.23926081094248242,0.10713096047149118,0.09744523146383098,0.23631554737363875,0.2963287550886356,0.05937269774303308,sine,28.0049283646185,95.53301727947445,-0.12762933910765276,0.4535518110781075,3.754978553018364,0.026089612991636767,1.9641822795692359,195.1814168768695,16038.730930322365,1342.3970274650935,1.6000014808249368,0.0,2.4,32731.405962722638,LHS+Powell,mpc_qr_dataset_streaming\samples\sample_000063
64,6,4,True,1.8511146958415914,0.5485385133450171,0.01420555980984099,0.23926081094248242,0.10713096047149118,0.09744523146383098,0.23631554737363875,0.2963287550886356,0.05937269774303308,sine,43.28522849437063,49.20593303145284,-0.1663538661772472,0.12183372702785678,1.8806845196253918,2.0849382499124043,0.008784083325362662,104.02099071953081,4509.855675513291,1342.4020655089228,1.6000170346032336,0.0,2.4,9400.174427312353,LHS,mpc_qr_dataset_streaming\samples\sample_000064
65,6,5,True,1.8511146958415914,0.5485385133450171,0.01420555980984099,0.23926081094248242,0.10713096047149118,0.09744523146383098,0.23631554737363875,0.2963287550886356,0.05937269774303308,sine,83.7588700478459,84.91490501342744,-0.05335664602695506,0.26976371763083934,0.01224822788998037,0.012251548413648299,0.1245506552955922,191.08497537254814,15217.094533865447,1342.3928746625638,1.6000272858614941,0.0,2.4,31075.84363894596,LHS,mpc_qr_dataset_streaming\samples\sample_000065
66,6,6,True,1.8511146958415914,0.5485385133450171,0.01420555980984099,0.23926081094248242,0.10713096047149118,0.09744523146383098,0.23631554737363875,0.2963287550886356,0.05937269774303308,sine,104.44788732871865,68.25725085872939,0.16382089754853996,0.2935619702684903,17.578227327697643,7.293063080084559,0.005314687028756186,227.03338458165155,21543.394990164197,1342.4154379258305,1.5999846528384978,0.0,2.4,43836.29090520228,LHS+Powell,mpc_qr_dataset_streaming\samples\sample_000066
67,6,7,True,1.8511146958415914,0.5485385133450171,0.01420555980984099,0.23926081094248242,0.10713096047149118,0.09744523146383098,0.23631554737363875,0.2963287550886356,0.05937269774303308,step,54.05907955915243,69.88169585314853,0.16693506902067046,0.3154161201823712,0.005511203348912238,89.96939456217439,0.004018306803165023,120.76078608937205,6098.942297546165,1342.4042695675616,1.5999951168831184,0.0,2.4,12628.567166594668,LHS,mpc_qr_dataset_streaming\samples\sample_000067
68,6,8,True,1.8511146958415914,0.5485385133450171,0.01420555980984099,0.23926081094248242,0.10713096047149118,0.09744523146383098,0.23631554737363875,0.2963287550886356,0.05937269774303308,multi_step,53.8855635609605,39.160300966269986,-0.07698597103168554,0.2992385957788683,4.672125961188748,14.006887912838023,0.003201609423598007,93.26126216839505,3772.01735671854,1342.403858072097,1.600004369986979,0.0,2.4,7892.21869306437,LHS+Powell,mpc_qr_dataset_streaming\samples\sample_000068
69,6,9,True,1.8511146958415914,0.5485385133450171,0.01420555980984099,0.23926081094248242,0.10713096047149118,0.09744523146383098,0.23631554737363875,0.2963287550886356,0.05937269774303308,multi_step,47.802210660081386,90.30334656988926,-0.008997650548906888,0.3807162815920038,5.107447750864883,0.07377323019803865,0.011005738106513492,178.50919914333556,14065.627274427135,1342.3993227740464,1.5999979757789757,0.0,2.4,28735.18211232177,LHS+Powell,mpc_qr_dataset_streaming\samples\sample_000069
70,7,0,True,2.3226622975712425,0.5441391893436703,0.02748495712969131,0.23384062048858129,0.10733602876523854,0.09228208142367275,0.19408436974916465,0.23427391485738794,0.11753713735562651,multi_step,64.00886995273686,75.31038024112752,-0.0847087018048379,0.3668767487189581,9.85799877768812,0.09722955639990413,0.01800747841838119,151.9366749740118,9704.25769978997,1342.4045505305617,1.599979889756699,0.0,2.4,19932.725651022993,LHS+Powell,mpc_qr_dataset_streaming\samples\sample_000070
71,7,1,True,2.3226622975712425,0.5441391893436703,0.02748495712969131,0.23384062048858129,0.10733602876523854,0.09228208142367275,0.19408436974916465,0.23427391485738794,0.11753713735562651,sine,54.649286131304876,32.3869774864221,0.19421606779797046,0.23248672809682652,0.026086022527814775,6.823358024056203,0.32291436920331695,113.54568798529719,5399.43007564802,1342.41262401289,1.5999971166696312,0.0,2.4,11207.897846308411,LHS+Powell,mpc_qr_dataset_streaming\samples\sample_000071
72,7,2,True,2.3226622975712425,0.5441391893436703,0.02748495712969131,0.23384062048858129,0.10733602876523854,0.09228208142367275,0.19408436974916465,0.23427391485738794,0.11753713735562651,step,61.157600219405985,99.36821505599725,0.1698806668879555,0.4112915453087158,1.8494909441785534,0.0013551142604962024,0.029386783868185218,138.12488521962504,7951.928589494629,1342.4023714815778,1.6000016056419393,0.0,2.4,16386.631953302494,LHS,mpc_qr_dataset_streaming\samples\sample_000072
73,7,3,True,2.3226622975712425,0.5441391893436703,0.02748495712969131,0.23384062048858129,0.10733602876523854,0.09228208142367275,0.19408436974916465,0.23427391485738794,0.11753713735562651,step,57.270234130673416,24.869847231385126,0.10948827310065051,0.4327282740278314,10.074537090721188,0.0014996190255290968,0.000283537665547152,127.77161012336576,6803.909607992326,1342.4033809936684,1.5999910463454543,0.0,2.4,14059.534214956751,LHS,mpc_qr_dataset_streaming\samples\sample_000073
74,7,4,True,2.3226622975712425,0.5441391893436703,0.02748495712969131,0.23384062048858129,0.10733602876523854,0.09228208142367275,0.19408436974916465,0.23427391485738794,0.11753713735562651,sine,100.0871592106632,24.896370982327923,-0.19819995002413637,0.2573146710581749,5.107447750864883,0.0010001239755804024,0.5714623792729122,203.98318526717622,17574.548400506814,1342.4161505937384,1.5999891232509629,0.0,2.4,35829.447163801,LHS+Powell,mpc_qr_dataset_streaming\samples\sample_000074
75,7,5,True,2.3226622975712425,0.5441391893436703,0.02748495712969131,0.23384062048858129,0.10733602876523854,0.09228208142367275,0.19408436974916465,0.23427391485738794,0.11753713735562651,step,22.96072891286132,60.13555575533879,0.14111245185276505,0.17401571170475716,5.6056810156441745,0.14877151351608303,0.0007506326187842806,45.63789240664593,868.5534777374875,1342.401580907476,1.6000046047616296,0.0,2.4,1942.4207119705247,LHS+Powell,mpc_qr_dataset_streaming\samples\sample_000075
76,7,6,True,2.3226622975712425,0.5441391893436703,0.02748495712969131,0.23384062048858129,0.10733602876523854,0.09228208142367275,0.19408436974916465,0.23427391485738794,0.11753713735562651,sine,49.89436511189055,79.0320250883149,-0.12496252722420348,0.04240579561788155,4.822338382790104,0.007843291346344983,0.40137420668515006,171.26086497114767,12233.327510639872,1342.3960153970506,1.5999966379941017,0.0,2.4,25048.837416794937,LHS,mpc_qr_dataset_streaming\samples\sample_000076
77,7,7,True,2.3226622975712425,0.5441391893436703,0.02748495712969131,0.23384062048858129,0.10733602876523854,0.09228208142367275,0.19408436974916465,0.23427391485738794,0.11753713735562651,sine,91.76391476415675,100.74316059762818,-0.1452714887881495,0.2874359648115168,8.435336457652177,2.5369559447477723,0.007943377538142017,229.87097242395788,22022.843278920307,1342.3973789233173,1.599976038097943,0.0,2.4,44803.69934286056,LHS,mpc_qr_dataset_streaming\samples\sample_000077
78,7,8,True,2.3226622975712425,0.5441391893436703,0.02748495712969131,0.23384062048858129,0.10733602876523854,0.09228208142367275,0.19408436974916465,0.23427391485738794,0.11753713735562651,step,90.08810101206585,79.52128404133717,-0.1462532346747754,0.18268923159956674,14.588912048199655,1.6508920427692058,0.007052522699485155,203.9575808816257,17340.12803720794,1342.404893428944,1.5999932675927735,0.0,2.4,35360.52906139558,LHS,mpc_qr_dataset_streaming\samples\sample_000078
79,7,9,True,2.3226622975712425,0.5441391893436703,0.02748495712969131,0.23384062048858129,0.10733602876523854,0.09228208142367275,0.19408436974916465,0.23427391485738794,0.11753713735562651,step,40.197903768878156,21.76687809999122,-0.031847291397889166,0.47960463642228796,0.0026252912495790762,2.44559945367041,1.328732490715006,86.45568604172787,3116.1065260105183,1342.4060455257365,1.6000072270625032,0.0,2.4,6559.98041278386,LHS,mpc_qr_dataset_streaming\samples\sample_000079
80,8,0,True,2.201570497259932,0.5081713273889903,0.017983572251565553,0.24763961585275945,0.0947019423376132,0.09650685461033355,0.17083868772083116,0.23082219171335133,0.07261993275848946,sine,72.95420552850723,94.23179494179767,-0.10345117534933485,0.16124617358433263,0.026086022527814775,0.026089863506111154,0.00354122679069539,209.3708261922643,18280.06148709885,1342.4045635243604,1.600014101781767,0.0,2.4,37256.63568165579,LHS+Powell,mpc_qr_dataset_streaming\samples\sample_000080
81,8,1,True,2.201570497259932,0.5081713273889903,0.017983572251565553,0.24763961585275945,0.0947019423376132,0.09650685461033355,0.17083868772083116,0.23082219171335133,0.07261993275848946,step,107.43143652908074,48.32469332501141,-0.02464549656632284,0.23812865429336283,5.070998489530094,0.6901160990147762,0.000884524351439687,248.3890867507814,25709.984093232695,1342.399895114449,1.6000273673279812,0.0,2.4,52233.53544284183,LHS,mpc_qr_dataset_streaming\samples\sample_000081
82,8,2,True,2.201570497259932,0.5081713273889903,0.017983572251565553,0.24763961585275945,0.0947019423376132,0.09650685461033355,0.17083868772083116,0.23082219171335133,0.07261993275848946,sine,87.4597476979024,101.46384431178826,0.024868293495028893,0.05094707865727244,0.0492649814287798,0.026086022527814775,0.07749125064798192,229.4836371571092,21955.330609918008,1342.4081300370672,1.5998996852097294,0.0,2.4,44667.51253279346,LHS+Powell,mpc_qr_dataset_streaming\samples\sample_000082
83,8,3,True,2.201570497259932,0.5081713273889903,0.017983572251565553,0.24763961585275945,0.0947019423376132,0.09650685461033355,0.17083868772083116,0.23082219171335133,0.07261993275848946,multi_step,115.5349428187811,71.27320643001113,-0.1587989263479365,0.020539546652423468,0.831399943070601,0.06429791386479003,1.811460295271842,224.99350478346938,22400.012593460782,1342.396744534187,1.5999943135051828,0.0,2.4,45543.40553821435,LHS,mpc_qr_dataset_streaming\samples\sample_000083
84,8,4,True,2.201570497259932,0.5081713273889903,0.017983572251565553,0.24763961585275945,0.0947019423376132,0.09650685461033355,0.17083868772083116,0.23082219171335133,0.07261993275848946,step,26.553043391838244,65.51178424117623,-0.15535985270030933,0.19225218899496405,1.0000012806059184,0.026086022527814775,0.510744775086488,54.86543025729032,1265.7073538345908,1342.3998515169326,1.6000026672160153,0.0,2.4,2764.4109911502596,LHS+Powell,mpc_qr_dataset_streaming\samples\sample_000084
85,8,5,True,2.201570497259932,0.5081713273889903,0.017983572251565553,0.24763961585275945,0.0947019423376132,0.09650685461033355,0.17083868772083116,0.23082219171335133,0.07261993275848946,sine,89.81897256099134,40.702054152481196,-0.1993357169300798,0.05603518549934877,5.566701423330088,0.07114737735118767,0.011557196101706064,189.94144529276127,15106.272564010067,1342.399624650401,1.6000278043157574,0.0,2.4,30850.769446521153,LHS,mpc_qr_dataset_streaming\samples\sample_000085
86,8,6,True,2.201570497259932,0.5081713273889903,0.017983572251565553,0.24763961585275945,0.0947019423376132,0.09650685461033355,0.17083868772083116,0.23082219171335133,0.07261993275848946,multi_step,20.12330625119081,70.8167355812875,0.11223245501063372,0.4206018531074782,5.10744775086488,0.018985258925714756,0.00041964180246015253,80.57886145226593,4016.5240721572295,1342.404014808454,1.5999952763713297,0.0,2.4,8343.184929175499,LHS+Powell,mpc_qr_dataset_streaming\samples\sample_000086
87,8,7,True,2.201570497259932,0.5081713273889903,0.017983572251565553,0.24763961585275945,0.0947019423376132,0.09650685461033355,0.17083868772083116,0.23082219171335133,0.07261993275848946,multi_step,52.249044096772984,44.248285302833274,-0.06770570317805333,0.46519230879457524,0.24529725181091805,0.02608892786911954,0.08510199567795691,104.06641356112726,4560.667707979321,1342.4001352561656,1.5999301742447676,0.0,2.4,9501.934659913544,LHS+Powell,mpc_qr_dataset_streaming\samples\sample_000087
88,8,8,True,2.201570497259932,0.5081713273889903,0.017983572251565553,0.24763961585275945,0.0947019423376132,0.09650685461033355,0.17083868772083116,0.23082219171335133,0.07261993275848946,multi_step,66.07696052395661,91.15580415967779,0.16752927741227314,0.004629890910561707,0.026086022527814775,5.10744775086488,0.0784799124969884,196.88910442870966,16378.504860151634,1342.4035799741418,1.5999230460698692,0.0,2.4,33416.077208740404,LHS+Powell,mpc_qr_dataset_streaming\samples\sample_000088
89,8,9,True,2.201570497259932,0.5081713273889903,0.017983572251565553,0.24763961585275945,0.0947019423376132,0.09650685461033355,0.17083868772083116,0.23082219171335133,0.07261993275848946,sine,23.128351290164456,31.062946756220327,0.03607815310645046,0.4247176665448895,0.026086022527814775,0.026089832382512418,0.5107447750864883,64.57198483430352,1743.466193488746,1342.401699613321,1.6000014584284068,0.0,2.4,3749.0484265339896,LHS+Powell,mpc_qr_dataset_streaming\samples\sample_000089
90,9,0,True,1.6037931143294992,0.5706738918684733,0.022667667209977635,0.15952921833259492,0.1054587477627057,0.10710983083581171,0.3947584600681067,0.3558276231327106,0.14209100656858287,step,111.87936809026809,65.44574302986578,0.12526373832804516,0.15919955891422982,5.107447750864883,0.023068027019297617,0.02293778882588331,249.19405621972538,25882.92987627434,1342.3962814354047,1.6000148303572093,0.0,2.4,52581.84173602113,LHS+Powell,mpc_qr_dataset_streaming\samples\sample_000090
91,9,1,True,1.6037931143294992,0.5706738918684733,0.022667667209977635,0.15952921833259492,0.1054587477627057,0.10710983083581171,0.3947584600681067,0.3558276231327106,0.14209100656858287,multi_step,80.07339188626425,41.635569522540145,-0.18806609196012103,0.17323932770359046,2.7980102558401754,0.6093389007104273,0.003076537675634986,141.92502438139115,9451.697141862222,1342.4020395970497,1.6000084848434781,0.0,2.4,19397.569459272712,LHS+Powell,mpc_qr_dataset_streaming\samples\sample_000091
92,9,2,True,1.6037931143294992,0.5706738918684733,0.022667667209977635,0.15952921833259492,0.1054587477627057,0.10710983083581171,0.3947584600681067,0.3558276231327106,0.14209100656858287,multi_step,36.5487757581775,92.51833208508688,0.15600778284707822,0.2969152740142238,11.02992279346011,5.107447750864883,0.019579250709528276,168.66923294592044,13134.567143587545,1342.4045498974779,1.600003368876722,0.0,2.4,26843.54221367617,LHS+Powell,mpc_qr_dataset_streaming\samples\sample_000092
93,9,3,True,1.6037931143294992,0.5706738918684733,0.022667667209977635,0.15952921833259492,0.1054587477627057,0.10710983083581171,0.3947584600681067,0.3558276231327106,0.14209100656858287,step,34.37186614555341,89.30954269297015,-0.19839695810666422,0.008289900948778461,5.982671020768944,5.931132450945335,0.00471057668151823,63.147830015210296,1690.8837582638046,1342.405842827814,1.600005104687139,0.0,2.4,3639.6112989698645,LHS+Powell,mpc_qr_dataset_streaming\samples\sample_000093
94,9,4,True,1.6037931143294992,0.5706738918684733,0.022667667209977635,0.15952921833259492,0.1054587477627057,0.10710983083581171,0.3947584600681067,0.3558276231327106,0.14209100656858287,multi_step,78.46388341341655,32.69099755185131,0.04871681194430261,0.13659359575043817,2.7396611814157,0.20778514168386006,0.002321714731207443,140.0471975014327,9189.93608336894,1342.3989640685058,1.5999940736701541,0.0,2.4,18868.413707149288,LHS+Powell,mpc_qr_dataset_streaming\samples\sample_000094
95,9,5,True,1.6037931143294992,0.5706738918684733,0.022667667209977635,0.15952921833259492,0.1054587477627057,0.10710983083581171,0.3947584600681067,0.3558276231327106,0.14209100656858287,sine,79.45676088908644,49.4755193202763,0.03828550987429097,0.11564026984342612,0.0010000822965870854,5.10744775086488,0.4180211020835267,161.22603893215117,10863.090761327785,1342.4104883825546,1.5999995578056143,0.0,2.4,22278.26016384904,LHS+Powell,mpc_qr_dataset_streaming\samples\sample_000095
96,9,6,True,1.6037931143294992,0.5706738918684733,0.022667667209977635,0.15952921833259492,0.1054587477627057,0.10710983083581171,0.3947584600681067,0.3558276231327106,0.14209100656858287,sine,45.36645065618285,81.07701332354182,0.09030785388617357,0.2834688976596934,2.8224351537169197,2.660325951206789,0.27464661231156756,165.90034253378633,11480.054799418855,1342.406716459521,1.600010715904088,0.0,2.4,23526.210962797843,LHS+Powell,mpc_qr_dataset_streaming\samples\sample_000096
97,9,7,True,1.6037931143294992,0.5706738918684733,0.022667667209977635,0.15952921833259492,0.1054587477627057,0.10710983083581171,0.3947584600681067,0.3558276231327106,0.14209100656858287,step,118.34170759929376,61.92723879008051,0.008092026818397546,0.2039807151802826,11.963878228959684,65.91783418236048,0.0006263752738408704,269.28910460621626,30300.0690997256,1342.4034617025345,1.600034621118402,0.0,2.4,61476.40568808602,LHS,mpc_qr_dataset_streaming\samples\sample_000097
98,9,8,True,1.6037931143294992,0.5706738918684733,0.022667667209977635,0.15952921833259492,0.1054587477627057,0.10710983083581171,0.3947584600681067,0.3558276231327106,0.14209100656858287,sine,108.96564216753973,59.50072400405564,-0.12862329527126765,0.09977099644974519,6.0716717660654735,3.7494864204377025,0.15356629510619468,228.17384988196423,21716.457702441923,1342.416915013624,1.6000122104432115,0.0,2.4,44185.837800890935,LHS+Powell,mpc_qr_dataset_streaming\samples\sample_000098
99,9,9,True,1.6037931143294992,0.5706738918684733,0.022667667209977635,0.15952921833259492,0.1054587477627057,0.10710983083581171,0.3947584600681067,0.3558276231327106,0.14209100656858287,sine,111.25827441419312,41.214740752330144,-0.04837892198507793,0.2585097434247146,22.564182440586137,0.558628847864585,0.007788340688764045,224.29365622347126,21139.691840952495,1342.410841038698,1.6000080739890878,0.0,2.4,43020.66519303103,LHS,mpc_qr_dataset_streaming\samples\sample_000099
100,10,0,True,2.193373128415788,0.5462271953305591,0.024961441820365186,0.20839205823698315,0.09209230193609552,0.10807946581756081,0.19718508451887082,0.24903523630066704,0.11978115688064787,sine,99.8097435818333,29.98624771607295,0.19168985348291184,0.18857234017784036,11.535011749827541,0.026086022527814775,0.019579250709528276,206.69981956478384,18059.610725046878,1342.4007769842929,1.6000079758413959,0.0,2.4,36807.720948036105,LHS+Powell,mpc_qr_dataset_streaming\samples\sample_000100
101,10,1,True,2.193373128415788,0.5462271953305591,0.024961441820365186,0.20839205823698315,0.09209230193609552,0.10807946581756081,0.19718508451887082,0.24903523630066704,0.11978115688064787,sine,108.75710884880434,59.462988815008224,-0.036344008950081136,0.3008873779338542,8.114524077098187,0.12734133158807293,0.019579250709528276,234.48426802761853,23006.45196687836,1342.4060009002476,1.6000081295552984,0.0,2.4,46784.75703829107,LHS+Powell,mpc_qr_dataset_streaming\samples\sample_000101
102,10,2,True,2.193373128415788,0.5462271953305591,0.024961441820365186,0.20839205823698315,0.09209230193609552,0.10807946581756081,0.19718508451887082,0.24903523630066704,0.11978115688064787,multi_step,66.76402566265965,39.67421807506313,-0.13485139977817806,0.3422810366968386,2.298395676038656,9.01023030224848,0.005633475436367119,132.59809084724154,7749.358024681278,1342.400614161617,1.5999988199140764,0.0,2.4,15964.91035255336,LHS+Powell,mpc_qr_dataset_streaming\samples\sample_000102
103,10,3,True,2.193373128415788,0.5462271953305591,0.024961441820365186,0.20839205823698315,0.09209230193609552,0.10807946581756081,0.19718508451887082,0.24903523630066704,0.11978115688064787,step,115.48983918558076,44.35967453586074,-0.08875465725140486,0.10104405082273898,0.4821652692171155,0.19579250709528276,3.8334705834656346,266.29029776971845,29548.89127539866,1342.395820032673,1.5998815472876018,0.0,2.4,59965.05322918547,LHS+Powell,mpc_qr_dataset_streaming\samples\sample_000103
104,10,4,True,2.193373128415788,0.5462271953305591,0.024961441820365186,0.20839205823698315,0.09209230193609552,0.10807946581756081,0.19718508451887082,0.24903523630066704,0.11978115688064787,sine,72.20123013665123,66.8416641246771,0.18373293905424337,0.3262596003763316,2.205103741443857,0.002064437315642018,0.0021382270823693075,166.09510294610016,11522.039540517913,1342.4050384210525,1.5999772833362238,0.0,2.4,23610.76464065935,LHS+Powell,mpc_qr_dataset_streaming\samples\sample_000104
105,10,5,True,2.193373128415788,0.5462271953305591,0.024961441820365186,0.20839205823698315,0.09209230193609552,0.10807946581756081,0.19718508451887082,0.24903523630066704,0.11978115688064787,sine,31.06920740296161,45.24362905495873,0.16065674142657538,0.49228430412537705,2.8525523394941437,0.0046074178330601885,0.00013894783084637466,94.24487560713676,3714.9705646189896,1342.4039996582767,1.5999986708193694,0.0,2.4,7781.075955975844,LHS,mpc_qr_dataset_streaming\samples\sample_000105
106,10,6,True,2.193373128415788,0.5462271953305591,0.024961441820365186,0.20839205823698315,0.09209230193609552,0.10807946581756081,0.19718508451887082,0.24903523630066704,0.11978115688064787,multi_step,115.29991327679814,27.182214050288437,-0.1612088445178083,0.42289847890107124,1.737927637419128,1.000082619953487,0.5107447750864883,210.99297875732913,22393.100991729134,1342.3916169616566,1.59999336431247,0.0,2.4,45487.58050024656,LHS+Powell,mpc_qr_dataset_streaming\samples\sample_000106
107,10,7,True,2.193373128415788,0.5462271953305591,0.024961441820365186,0.20839205823698315,0.09209230193609552,0.10807946581756081,0.19718508451887082,0.24903523630066704,0.11978115688064787,sine,74.2364402302205,36.531132336729115,0.03369114402448728,0.3675647137598167,6.57123231379227,0.04313753570228615,0.013389489265991126,158.26380328035313,10462.98645912965,1342.4169021067594,1.5999814099109326,0.0,2.4,21469.165172276193,LHS+Powell,mpc_qr_dataset_streaming\samples\sample_000107
108,10,8,True,2.193373128415788,0.5462271953305591,0.024961441820365186,0.20839205823698315,0.09209230193609552,0.10807946581756081,0.19718508451887082,0.24903523630066704,0.11978115688064787,sine,57.12526370882772,60.48549644265338,0.1766155426952396,0.0603276687218432,8.521903651003973,0.2648531742401526,0.0019644902953360704,134.61343852777668,7554.024497453213,1342.4050602489376,1.6000084282631843,0.0,2.4,15580.289563923616,LHS,mpc_qr_dataset_streaming\samples\sample_000108
109,10,9,True,2.193373128415788,0.5462271953305591,0.024961441820365186,0.20839205823698315,0.09209230193609552,0.10807946581756081,0.19718508451887082,0.24903523630066704,0.11978115688064787,step,30.039564564980928,46.45398111513111,-0.02005628002234952,0.12262948651160482,0.19579250709528276,38.33470583465639,0.004626178922711654,64.13205193287268,1739.30348271462,1342.4005078212463,1.6000054027973818,0.0,2.4,3739.4031468890603,LHS+Powell,mpc_qr_dataset_streaming\samples\sample_000109
110,11,0,True,2.1681961610687894,0.5702669298804408,0.026244051957978007,0.18071865748838734,0.1006170078857563,0.09496812807731303,0.250672118255672,0.26301445419003683,0.1452204898083885,step,36.12540628519241,114.00190108075147,-0.003756833795251241,0.264872833091249,7.082832423963825,12.525037289533081,0.020773429410560106,73.0858617932917,2227.9657862236068,1342.4043618835776,1.599990075604172,0.0,2.4,4743.589375425048,LHS+Powell,mpc_qr_dataset_streaming\samples\sample_000110
111,11,1,True,2.1681961610687894,0.5702669298804408,0.026244051957978007,0.18071865748838734,0.1006170078857563,0.09496812807731303,0.250672118255672,0.26301445419003683,0.1452204898083885,multi_step,63.456308469769034,33.175483289206745,0.1812822099620756,0.08178843885505499,1.0000025385009064,17.631620812342305,0.015003179072824556,104.57300338158205,5098.264582763579,1342.3972401803485,1.5999940648239577,0.0,2.4,10578.648037384164,LHS+Powell,mpc_qr_dataset_streaming\samples\sample_000111
112,11,2,True,2.1681961610687894,0.5702669298804408,0.026244051957978007,0.18071865748838734,0.1006170078857563,0.09496812807731303,0.250672118255672,0.26301445419003683,0.1452204898083885,multi_step,40.771725335153924,45.318460612660154,-0.07138680340706732,0.3040646059572958,1.1615201898926661,0.0402905118451523,1.2811544362528289,93.34066113339804,3667.340839183632,1342.4015950575163,1.6000036284844958,0.0,2.4,7683.103741701758,LHS,mpc_qr_dataset_streaming\samples\sample_000112
113,11,3,True,2.1681961610687894,0.5702669298804408,0.026244051957978007,0.18071865748838734,0.1006170078857563,0.09496812807731303,0.250672118255672,0.26301445419003683,0.1452204898083885,step,60.04512452452783,73.18860913460682,0.0966458530926061,0.23437964850697623,0.0021575375206350166,35.26379969692785,1.1476718658823601,130.4576971652051,7102.512478811307,1342.3915043421364,1.6000003764572706,0.0,2.4,14664.79762435416,LHS,mpc_qr_dataset_streaming\samples\sample_000113
114,11,4,True,2.1681961610687894,0.5702669298804408,0.026244051957978007,0.18071865748838734,0.1006170078857563,0.09496812807731303,0.250672118255672,0.26301445419003683,0.1452204898083885,sine,112.06658582735679,54.138706738172765,0.049083497995283276,0.3754192923724298,0.2433051485305873,149.45356410754616,0.00022581694434770279,239.5262740150086,23993.282261996963,1342.4062732234572,1.60000286863792,0.0,2.4,48773.543659843555,LHS,mpc_qr_dataset_streaming\samples\sample_000114
115,11,5,True,2.1681961610687894,0.5702669298804408,0.026244051957978007,0.18071865748838734,0.1006170078857563,0.09496812807731303,0.250672118255672,0.26301445419003683,0.1452204898083885,multi_step,41.19546110805426,112.37833160931802,0.1973473993644712,0.14044819298207756,0.10689908454436389,0.14302778198298516,0.24900967546876257,148.33552262688346,11936.222181092944,1342.4023229713614,1.6000009287031496,0.0,2.4,24385.851046261545,LHS,mpc_qr_dataset_streaming\samples\sample_000115
116,11,6,True,2.1681961610687894,0.5702669298804408,0.026244051957978007,0.18071865748838734,0.1006170078857563,0.09496812807731303,0.250672118255672,0.26301445419003683,0.1452204898083885,sine,65.82620415365139,32.90300571820417,0.16874098006199806,0.15957824730403503,0.026086022527814775,0.02608995824123085,0.9771971316350848,135.63980033158583,7705.118581745039,1342.4136587864093,1.5999932058370059,0.0,2.4,15885.557247084449,LHS+Powell,mpc_qr_dataset_streaming\samples\sample_000116
117,11,7,True,2.1681961610687894,0.5702669298804408,0.026244051957978007,0.18071865748838734,0.1006170078857563,0.09496812807731303,0.250672118255672,0.26301445419003683,0.1452204898083885,multi_step,66.10994301549076,85.99513011292788,-0.06291454289801765,0.08861775062463628,14.051670721568993,19.336738432486307,0.02938841189826905,165.48010732591356,11594.627803650936,1342.4095598530648,1.5999933174018113,0.0,2.4,23754.096406938137,LHS,mpc_qr_dataset_streaming\samples\sample_000117
118,11,8,True,2.1681961610687894,0.5702669298804408,0.026244051957978007,0.18071865748838734,0.1006170078857563,0.09496812807731303,0.250672118255672,0.26301445419003683,0.1452204898083885,step,104.60075613079087,24.025373993992375,0.1967230865990513,0.2657069057986219,17.61582308159802,0.6465316507047884,0.0020315176020518945,237.76213494917513,23560.6054164783,1342.4098287126576,1.5999841690741183,0.0,2.4,47902.89772844821,LHS+Powell,mpc_qr_dataset_streaming\samples\sample_000118
119,11,9,True,2.1681961610687894,0.5702669298804408,0.026244051957978007,0.18071865748838734,0.1006170078857563,0.09496812807731303,0.250672118255672,0.26301445419003683,0.1452204898083885,sine,50.24802811379281,114.75355996659923,0.024727572025199734,0.3598912675107731,1.9887800396434199,7.184602463757497,0.9500391368376078,240.89425694067873,24375.74290687795,1342.410124011352,1.5999982447960417,0.0,2.4,49542.56909069074,LHS,mpc_qr_dataset_streaming\samples\sample_000119
120,12,0,True,2.0071473214010833,0.5814172653819016,0.019870213830989344,0.21764861577719904,0.09684724866600108,0.09816313336462028,0.21697132635522648,0.2896734381091892,0.09129492397658959,multi_step,32.580701831228524,29.17236790590067,-0.19209342186292333,0.16327342133588996,0.9131311273340015,1.0000921164025482,0.0026086022527814774,62.20346323980375,1630.1378599075176,1342.3996806105004,1.6000003219350454,0.0,2.4,3515.2860935810677,LHS+Powell,mpc_qr_dataset_streaming\samples\sample_000120
121,12,1,True,2.0071473214010833,0.5814172653819016,0.019870213830989344,0.21764861577719904,0.09684724866600108,0.09816313336462028,0.21697132635522648,0.2896734381091892,0.09129492397658959,sine,97.81514225440124,106.06304013961301,-0.08993898975931468,0.06932724811670976,30.9884862440548,0.26446527647492046,0.002659456658783027,240.35906810416884,24072.99883848821,1342.4062088330327,1.5999995426262192,0.0,2.4,48935.4751917077,LHS,mpc_qr_dataset_streaming\samples\sample_000121
122,12,2,True,2.0071473214010833,0.5814172653819016,0.019870213830989344,0.21764861577719904,0.09684724866600108,0.09816313336462028,0.21697132635522648,0.2896734381091892,0.09129492397658959,step,87.47365473492779,111.03269101852524,0.18116898739422632,0.3050302414435869,28.398027609272898,8.192329753940347,0.002802872141626644,200.52699395661512,16758.296089194442,1342.4133280018282,1.599996397850683,0.0,2.4,34186.573826478714,LHS,mpc_qr_dataset_streaming\samples\sample_000122
123,12,3,True,2.0071473214010833,0.5814172653819016,0.019870213830989344,0.21764861577719904,0.09684724866600108,0.09816313336462028,0.21697132635522648,0.2896734381091892,0.09129492397658959,sine,82.54781569139362,52.049116167801614,-0.1907089670612966,0.20003072306737768,0.026088805349536358,0.026089478322638165,0.02356818532096136,176.77335854361374,13036.697672198774,1342.40498528281,1.599977629658645,0.0,2.4,26672.11566817401,LHS+Powell,mpc_qr_dataset_streaming\samples\sample_000123
124,12,4,True,2.0071473214010833,0.5814172653819016,0.019870213830989344,0.21764861577719904,0.09684724866600108,0.09816313336462028,0.21697132635522648,0.2896734381091892,0.09129492397658959,sine,81.02274444332458,64.39428863959763,0.017819360816535845,0.24491212804623136,0.026086022527814775,0.04590693500785244,0.0008149579849477664,177.11459565899378,13089.587021435927,1342.4067851638113,1.599992663086463,0.0,2.4,26778.918168740183,LHS+Powell,mpc_qr_dataset_streaming\samples\sample_000124
125,12,5,True,2.0071473214010833,0.5814172653819016,0.019870213830989344,0.21764861577719904,0.09684724866600108,0.09816313336462028,0.21697132635522648,0.2896734381091892,0.09129492397658959,multi_step,53.41112669587556,44.42050007658882,0.19128177230582455,0.37249576288984426,1.2116627494141903,1.796232924217445,0.18156245183474723,107.70645168275315,4883.8876649174745,1342.4011101109406,1.6000023055817068,0.0,2.4,10159.294740504036,LHS,mpc_qr_dataset_streaming\samples\sample_000125
126,12,6,True,2.0071473214010833,0.5814172653819016,0.019870213830989344,0.21764861577719904,0.09684724866600108,0.09816313336462028,0.21697132635522648,0.2896734381091892,0.09129492397658959,sine,96.25900919626407,68.06076309423065,-0.0842719455590662,0.1289042048511772,7.229682308411118,76.2507734204467,0.0009966816755913636,212.01752584330671,18741.51710203446,1342.3977422761502,1.5999970637154732,0.0,2.4,38187.48666856583,LHS,mpc_qr_dataset_streaming\samples\sample_000126
127,12,7,True,2.0071473214010833,0.5814172653819016,0.019870213830989344,0.21764861577719904,0.09684724866600108,0.09816313336462028,0.21697132635522648,0.2896734381091892,0.09129492397658959,multi_step,60.99823882250432,41.88566087946322,-0.19699718688000006,0.16806498426468686,5.589213640271754,3.1067534822170155,0.0473722630297646,112.63913508388258,5538.674301736801,1342.4039244585658,1.599996743213142,0.0,2.4,11483.666204785339,LHS+Powell,mpc_qr_dataset_streaming\samples\sample_000127
128,12,8,True,2.0071473214010833,0.5814172653819016,0.019870213830989344,0.21764861577719904,0.09684724866600108,0.09816313336462028,0.21697132635522648,0.2896734381091892,0.09129492397658959,multi_step,103.91738662343245,33.832907011604924,0.19944380600476636,0.0962954116154549,5.144823991917822,2.260216555453424,0.0039665133035955815,181.77413140306143,16651.92422526118,1342.400827618566,1.6001237712894112,0.0,2.4,33917.57089230104,LHS+Powell,mpc_qr_dataset_streaming\samples\sample_000128
129,12,9,True,2.0071473214010833,0.5814172653819016,0.019870213830989344,0.21764861577719904,0.09684724866600108,0.09816313336462028,0.21697132635522648,0.2896734381091892,0.09129492397658959,sine,62.28003325467935,81.96685259698614,-0.14480099306083788,0.39536898694799694,0.16981845233309303,0.11869244131137892,0.21419724908222104,177.13843930551658,13107.635355304234,1342.4060818372607,1.599997253182731,0.0,2.4,26815.086332479543,LHS+Powell,mpc_qr_dataset_streaming\samples\sample_000129
130,13,0,True,1.8165057218166885,0.5769698119012721,0.023288345601207214,0.15342137628568128,0.10665058569848017,0.09352712760016152,0.3694607575747547,0.3176262012124268,0.15179335608254937,step,75.218492855933,70.07661490802784,0.19976876368967517,0.25822970131782047,24.897389530499712,4.374810076523095,0.01971817424647357,164.90612154294502,11335.310732329246,1342.4096663994208,1.5999991702824559,0.0,2.4,23233.740312565813,LHS,mpc_qr_dataset_streaming\samples\sample_000130
131,13,1,True,1.8165057218166885,0.5769698119012721,0.023288345601207214,0.15342137628568128,0.10665058569848017,0.09352712760016152,0.3694607575747547,0.3176262012124268,0.15179335608254937,step,92.78432989687184,117.66640782165892,-0.17943233817722826,0.3361322156117224,26.236624418900806,0.24027524687215984,0.0011134612543049905,204.61571618080205,17473.68362002234,1342.4103805669654,1.6000027518439275,0.0,2.4,35629.61490775303,LHS,mpc_qr_dataset_streaming\samples\sample_000131
132,13,2,True,1.8165057218166885,0.5769698119012721,0.023288345601207214,0.15342137628568128,0.10665058569848017,0.09352712760016152,0.3694607575747547,0.3176262012124268,0.15179335608254937,sine,98.74638746315023,103.21200752819861,0.09952831186682193,0.4006947169213615,0.8723364689686366,35.15163768181948,0.005268750581509069,230.48873865008363,22148.44709088457,1342.397049604793,1.5999410748795595,0.0,2.4,45056.76024725336,LHS,mpc_qr_dataset_streaming\samples\sample_000132
133,13,3,True,1.8165057218166885,0.5769698119012721,0.023288345601207214,0.15342137628568128,0.10665058569848017,0.09352712760016152,0.3694607575747547,0.3176262012124268,0.15179335608254937,step,109.3031019536303,34.39086960785583,0.013536005309584154,0.03375924009370751,2.9534491871732955,101.2955120715225,0.004275070503457573,247.9168871001718,25674.37180606646,1342.4233110901944,1.6000227416937218,0.0,2.4,52160.89544012503,LHS,mpc_qr_dataset_streaming\samples\sample_000133
134,13,4,True,1.8165057218166885,0.5769698119012721,0.023288345601207214,0.15342137628568128,0.10665058569848017,0.09352712760016152,0.3694607575747547,0.3176262012124268,0.15179335608254937,multi_step,20.051874416570552,63.631665969426315,0.1292509269664746,0.08400042428893556,3.962723191620445,0.015410847320261266,0.0034831765563549124,110.95639142540469,5735.433521119531,1342.4034601048713,1.5999936852604295,0.0,2.4,11872.136389204785,LHS+Powell,mpc_qr_dataset_streaming\samples\sample_000134
135,13,5,True,1.8165057218166885,0.5769698119012721,0.023288345601207214,0.15342137628568128,0.10665058569848017,0.09352712760016152,0.3694607575747547,0.3176262012124268,0.15179335608254937,step,106.0800973620536,102.31246099500947,-0.04220739282449823,0.36889877805318644,3.6324015328605728,0.6277893835885094,0.018453779491393808,235.36972229060817,23089.110454138714,1342.390259259664,1.5999781865907305,0.0,2.4,46952.72958702156,LHS+Powell,mpc_qr_dataset_streaming\samples\sample_000135
136,13,6,True,1.8165057218166885,0.5769698119012721,0.023288345601207214,0.15342137628568128,0.10665058569848017,0.09352712760016152,0.3694607575747547,0.3176262012124268,0.15179335608254937,multi_step,95.23289144335527,70.41786043908138,-0.11232431340854708,0.10418967071750751,10.85063175429038,34.33569281177455,0.00023636228509575313,173.66941517257033,13080.589421241018,1342.4150439371983,1.5999826771948678,0.0,2.4,26750.58783933047,LHS+Powell,mpc_qr_dataset_streaming\samples\sample_000136
137,13,7,True,1.8165057218166885,0.5769698119012721,0.023288345601207214,0.15342137628568128,0.10665058569848017,0.09352712760016152,0.3694607575747547,0.3176262012124268,0.15179335608254937,multi_step,31.89103480339605,28.598235011094513,-0.04059735061031505,0.4951942286802412,0.014297733100177826,0.0278111826626712,1.1143620449385019,58.716151182983324,1519.5840065557336,1342.3998804642813,1.5999994605427221,0.0,2.4,3283.716460656658,LHS+Powell,mpc_qr_dataset_streaming\samples\sample_000137
138,13,8,True,1.8165057218166885,0.5769698119012721,0.023288345601207214,0.15342137628568128,0.10665058569848017,0.09352712760016152,0.3694607575747547,0.3176262012124268,0.15179335608254937,sine,85.35398256936433,64.87295072012506,0.1491435835096715,0.09615033951756652,0.0010000847873498913,0.0010000829614949997,0.20086502873363382,179.37794959682856,13425.89726311651,1342.4126720630445,1.6000021163140756,0.0,2.4,27458.32900873248,LHS+Powell,mpc_qr_dataset_streaming\samples\sample_000138
139,13,9,True,1.8165057218166885,0.5769698119012721,0.023288345601207214,0.15342137628568128,0.10665058569848017,0.09352712760016152,0.3694607575747547,0.3176262012124268,0.15179335608254937,multi_step,85.60738790950633,48.90835816381917,0.13141876993551432,0.3552663858713389,13.716757769498058,0.551795105329042,0.023726225820084434,132.18151001206246,8178.291541658201,1342.405434105621,1.5999806055210497,0.0,2.4,16821.527884088147,LHS,mpc_qr_dataset_streaming\samples\sample_000139
140,14,0,True,1.6212622119978335,0.40989182742920316,0.022421818334384218,0.19834304907467307,0.09520369310685983,0.09837312174629605,0.28768392111124436,0.2528226615015628,0.11304564711991874,step,102.661148465793,76.12230678900443,-0.0741001525742476,0.28204756852361146,11.317447717145907,8.656519603157514,0.0026086022527814774,233.2501294060478,22697.405043999013,1342.4084781111987,1.6000094110138805,0.0,2.4,46162.960900592276,LHS+Powell,mpc_qr_dataset_streaming\samples\sample_000140
141,14,1,True,1.6212622119978335,0.40989182742920316,0.022421818334384218,0.19834304907467307,0.09520369310685983,0.09837312174629605,0.28768392111124436,0.2528226615015628,0.11304564711991874,multi_step,26.607921091939485,20.106746502274724,-0.13121585922519086,0.4451319809118094,0.19579250709528276,0.026086022527814775,0.6853640969482168,41.441587563666246,755.787614959083,1342.3987998611656,1.5999903518009402,0.0,2.4,1704.2999321198133,LHS+Powell,mpc_qr_dataset_streaming\samples\sample_000141
142,14,2,True,1.6212622119978335,0.40989182742920316,0.022421818334384218,0.19834304907467307,0.09520369310685983,0.09837312174629605,0.28768392111124436,0.2528226615015628,0.11304564711991874,step,67.60917566786607,113.55419438426551,-0.12180539616719838,0.3397635046044789,0.007552719262291455,57.587357121697266,0.00038991224720418596,149.46393800788158,9344.014384037782,1342.4031981067797,1.6000012074672987,0.0,2.4,19204.820742064923,LHS,mpc_qr_dataset_streaming\samples\sample_000142
143,14,3,True,1.6212622119978335,0.40989182742920316,0.022421818334384218,0.19834304907467307,0.09520369310685983,0.09837312174629605,0.28768392111124436,0.2528226615015628,0.11304564711991874,step,29.915697059881435,40.698515964083974,0.14411275448757638,0.16019860179865392,0.008717049077600078,0.0010001459659717833,0.012247020792605702,60.89372648432225,1577.2043503792142,1342.3982411262064,1.6000072925415019,0.0,2.4,3405.4897926323324,LHS+Powell,mpc_qr_dataset_streaming\samples\sample_000143
144,14,4,True,1.6212622119978335,0.40989182742920316,0.022421818334384218,0.19834304907467307,0.09520369310685983,0.09837312174629605,0.28768392111124436,0.2528226615015628,0.11304564711991874,multi_step,25.527040950122764,55.73696235020542,0.15534618122513622,0.46483331045977755,0.026086022527814775,0.19579250709528276,0.5449816031989961,89.75102843764125,3838.34457825017,1342.4027220643216,1.5999943578993483,0.0,2.4,8014.342377634374,LHS+Powell,mpc_qr_dataset_streaming\samples\sample_000144
145,14,5,True,1.6212622119978335,0.40989182742920316,0.022421818334384218,0.19834304907467307,0.09520369310685983,0.09837312174629605,0.28768392111124436,0.2528226615015628,0.11304564711991874,sine,30.740295628857723,31.532643811098797,0.10170860597515702,0.40990442911901204,6.479992488513106,4.357647030897612,0.011106779277291444,64.23205519082506,1756.2384615163576,1342.4063474260654,1.600009570269645,0.0,2.4,3773.573406455007,LHS,mpc_qr_dataset_streaming\samples\sample_000145
146,14,6,True,1.6212622119978335,0.40989182742920316,0.022421818334384218,0.19834304907467307,0.09520369310685983,0.09837312174629605,0.28768392111124436,0.2528226615015628,0.11304564711991874,sine,119.66772115191534,24.417510294416125,0.03074438339903715,0.4030954827223626,10.718903922574464,2.0427555533649038,0.000196627554437604,242.638193810496,24846.91520976446,1342.4173270548472,1.6000017902667016,0.0,2.4,50490.14586740266,LHS+Powell,mpc_qr_dataset_streaming\samples\sample_000146
147,14,7,True,1.6212622119978335,0.40989182742920316,0.022421818334384218,0.19834304907467307,0.09520369310685983,0.09837312174629605,0.28768392111124436,0.2528226615015628,0.11304564711991874,sine,117.86341439004389,69.86395468763152,-0.04098999017800281,0.2923763514024683,6.853640969482161,5.162994849541756,0.039190499726288054,250.73150735871295,26325.83043138974,1342.4096694183397,1.6000013170792544,0.0,2.4,53472.25586839239,LHS+Powell,mpc_qr_dataset_streaming\samples\sample_000147
148,14,8,True,1.6212622119978335,0.40989182742920316,0.022421818334384218,0.19834304907467307,0.09520369310685983,0.09837312174629605,0.28768392111124436,0.2528226615015628,0.11304564711991874,multi_step,52.108562641185486,39.320832244513056,-0.05653088338883552,0.2043346886833564,6.799621751579872,0.03703111222889159,0.001970978109386915,88.06894832433134,3341.5576057028875,1342.402290883938,1.5999885377235443,0.0,2.4,7015.722170349853,LHS+Powell,mpc_qr_dataset_streaming\samples\sample_000148
149,14,9,True,1.6212622119978335,0.40989182742920316,0.022421818334384218,0.19834304907467307,0.09520369310685983,0.09837312174629605,0.28768392111124436,0.2528226615015628,0.11304564711991874,multi_step,83.31491821447094,112.67693914889932,-0.01958139992589797,0.2839671152142463,5.107447750864883,0.11403350442958185,0.04087220757895799,224.6743412937598,21460.534452447228,1342.4042221665936,1.5999987479846474,0.0,2.4,43663.492139821465,LHS+Powell,mpc_qr_dataset_streaming\samples\sample_000149
150,15,0,True,1.9694543291597986,0.5317506819633402,0.02176158632731669,0.17848586560328916,0.09691461611525266,0.09757185575119463,0.2684794641670465,0.2699989911368972,0.12192330330338307,multi_step,36.606263241397315,92.31138021453862,0.10221581698937093,0.1287111811726857,0.7723769434543918,0.3975209191394608,0.9178708028395065,171.84865145512038,13570.0780718872,1342.4020867982867,1.6000052833831009,0.0,2.4,27724.102202743845,LHS,mpc_qr_dataset_streaming\samples\sample_000150
151,15,1,True,1.9694543291597986,0.5317506819633402,0.02176158632731669,0.17848586560328916,0.09691461611525266,0.09757185575119463,0.2684794641670465,0.2699989911368972,0.12192330330338307,multi_step,112.75048596250495,79.73945290738408,-0.04300610629402249,0.46195020027271494,8.605622025975217,0.09205616063496615,0.16989166772096054,232.92442824240126,23366.273839717545,1342.3865846565675,1.5999277105831127,0.0,2.4,47499.72028978066,LHS,mpc_qr_dataset_streaming\samples\sample_000151
152,15,2,True,1.9694543291597986,0.5317506819633402,0.02176158632731669,0.17848586560328916,0.09691461611525266,0.09757185575119463,0.2684794641670465,0.2699989911368972,0.12192330330338307,sine,20.46187988433276,23.854199932343572,0.09738398448895413,0.42607266853459086,0.28813600156376407,1.000004309994643,0.022608039546045716,43.96993337868219,807.3787047172248,1342.4001951480195,1.599996884139689,0.0,2.4,1815.0672191721042,LHS+Powell,mpc_qr_dataset_streaming\samples\sample_000152
153,15,3,True,1.9694543291597986,0.5317506819633402,0.02176158632731669,0.17848586560328916,0.09691461611525266,0.09757185575119463,0.2684794641670465,0.2699989911368972,0.12192330330338307,step,66.5757440357255,20.54731088346275,-0.0507757649767788,0.2825389553153528,22.842573720786472,0.24826937683354292,0.0008934172708706968,147.7240841635672,9111.975194365223,1342.4130032929313,1.599978810220518,0.0,2.4,18735.523290326302,LHS+Powell,mpc_qr_dataset_streaming\samples\sample_000153
154,15,4,True,1.9694543291597986,0.5317506819633402,0.02176158632731669,0.17848586560328916,0.09691461611525266,0.09757185575119463,0.2684794641670465,0.2699989911368972,0.12192330330338307,step,36.058831258491864,97.4907903381328,0.1854319648888615,0.42782106085120175,5.107447750864883,0.026086022527814775,0.019167970222713385,75.21094445308643,2361.5436884570972,1342.402278700062,1.5999783151037479,0.0,2.4,5017.120323124212,LHS+Powell,mpc_qr_dataset_streaming\samples\sample_000154
155,15,5,True,1.9694543291597986,0.5317506819633402,0.02176158632731669,0.17848586560328916,0.09691461611525266,0.09757185575119463,0.2684794641670465,0.2699989911368972,0.12192330330338307,sine,79.42726943015799,107.81474246555373,-0.007294579455131345,0.2821963401795893,37.5105283386538,11.822857768140556,0.00010001386635134484,238.70160592016933,23753.990906249026,1342.4154663795237,1.5999517320321317,0.0,2.4,48292.48740116414,LHS+Powell,mpc_qr_dataset_streaming\samples\sample_000155
156,15,6,True,1.9694543291597986,0.5317506819633402,0.02176158632731669,0.17848586560328916,0.09691461611525266,0.09757185575119463,0.2684794641670465,0.2699989911368972,0.12192330330338307,multi_step,80.7211430494072,62.49793856661014,0.11790022336702871,0.41885842909352056,11.64748961074109,0.021275538011132637,0.05132659594675787,170.9889629906537,12376.879557147651,1342.4041401918441,1.6000058704543392,0.0,2.4,25335.12621057038,LHS,mpc_qr_dataset_streaming\samples\sample_000156
157,15,7,True,1.9694543291597986,0.5317506819633402,0.02176158632731669,0.17848586560328916,0.09691461611525266,0.09757185575119463,0.2684794641670465,0.2699989911368972,0.12192330330338307,step,50.37966184099441,107.43342563348132,0.0760507078313839,0.08169585007472724,1.0731623313768777,0.026086022527814775,0.03954985778140558,108.90537192603699,4949.94461011421,1342.4025263052429,1.6000115329135116,0.0,2.4,10295.005462898438,LHS+Powell,mpc_qr_dataset_streaming\samples\sample_000157
158,15,8,True,1.9694543291597986,0.5317506819633402,0.02176158632731669,0.17848586560328916,0.09691461611525266,0.09757185575119463,0.2684794641670465,0.2699989911368972,0.12192330330338307,multi_step,57.673400787487644,81.8714778169642,-0.11426943885800536,0.06981182708956035,12.359416418232641,0.7420381454653474,0.48584493252591765,150.19521777454253,9680.911454076602,1342.4047605953963,1.600000295501001,0.0,2.4,19880.80879952138,LHS+Powell,mpc_qr_dataset_streaming\samples\sample_000158
159,15,9,True,1.9694543291597986,0.5317506819633402,0.02176158632731669,0.17848586560328916,0.09691461611525266,0.09757185575119463,0.2684794641670465,0.2699989911368972,0.12192330330338307,multi_step,54.414107806334805,29.681014930497145,0.18976684924353865,0.040367640001369554,0.6146557863338089,39.23182114856234,0.010922562346485032,80.6619730354293,3118.2171623980917,1342.4004145855772,1.6000012741543799,0.0,2.4,6546.820264695457,LHS+Powell,mpc_qr_dataset_streaming\samples\sample_000159
160,16,0,True,2.121335574347995,0.5742818173482428,0.022879282075534194,0.19148313456288954,0.09862152715275878,0.09071797772014718,0.23755824110002927,0.2707171011944924,0.11948458086275929,step,119.35429967868474,115.87075259719342,0.16119566136245472,0.022557372854639268,2.4885003390593297,27.256153141136306,0.0007473734934125984,275.3277600901489,31587.90626416606,1342.4025733597978,1.6000201315506064,0.0,2.4,64070.19593827714,LHS+Powell,mpc_qr_dataset_streaming\samples\sample_000160
161,16,1,True,2.121335574347995,0.5742818173482428,0.022879282075534194,0.19148313456288954,0.09862152715275878,0.09071797772014718,0.23755824110002927,0.2707171011944924,0.11948458086275929,step,103.74757437877768,31.75043822526015,0.01395926119034821,0.45787242893935476,36.724713372349065,1.0071506715040932,0.031127046689346245,236.39892175605806,23289.626169510662,1342.4181320652651,1.5999896668897682,0.0,2.4,47356.850010376096,LHS+Powell,mpc_qr_dataset_streaming\samples\sample_000161
162,16,2,True,2.121335574347995,0.5742818173482428,0.022879282075534194,0.19148313456288954,0.09862152715275878,0.09071797772014718,0.23755824110002927,0.2707171011944924,0.11948458086275929,sine,59.72333014728241,64.50160548539921,-0.12425460333085847,0.14302365092019764,0.008141067949119207,3.7664210393492197,0.12728231251927752,139.0026455456251,8062.103336828272,1342.394687380392,1.6000306960829511,0.0,2.4,16609.614346197242,LHS,mpc_qr_dataset_streaming\samples\sample_000162
163,16,3,True,2.121335574347995,0.5742818173482428,0.022879282075534194,0.19148313456288954,0.09862152715275878,0.09071797772014718,0.23755824110002927,0.2707171011944924,0.11948458086275929,step,29.4286053488007,106.73030405011814,0.13686186220674873,0.47169117563892643,0.08487906498519565,1.0000098974771103,1.0519024226991465,58.803453110953,1444.275969380143,1342.4044660325383,1.5999991994423692,0.0,2.4,3133.362521354744,LHS+Powell,mpc_qr_dataset_streaming\samples\sample_000163
164,16,4,True,2.121335574347995,0.5742818173482428,0.022879282075534194,0.19148313456288954,0.09862152715275878,0.09071797772014718,0.23755824110002927,0.2707171011944924,0.11948458086275929,multi_step,99.578856516697,74.56756940810477,0.08193532921727237,0.24146919473589196,5.350185094504312,0.19579250709528276,0.0008142536836288756,184.87980777988284,14564.274881281246,1342.4050521769038,1.6000249724988862,0.0,2.4,29751.589439759613,LHS+Powell,mpc_qr_dataset_streaming\samples\sample_000164
165,16,5,True,2.121335574347995,0.5742818173482428,0.022879282075534194,0.19148313456288954,0.09862152715275878,0.09071797772014718,0.23755824110002927,0.2707171011944924,0.11948458086275929,multi_step,58.63414572231818,56.15990295726627,0.11194793754892468,0.22303644646011306,0.15052774047123388,9.85799877768812,0.05116305286733127,129.01944510136275,6990.440884881953,1342.401684771587,1.5999784256345786,0.0,2.4,14436.340188227854,LHS+Powell,mpc_qr_dataset_streaming\samples\sample_000165
166,16,6,True,2.121335574347995,0.5742818173482428,0.022879282075534194,0.19148313456288954,0.09862152715275878,0.09071797772014718,0.23755824110002927,0.2707171011944924,0.11948458086275929,step,81.22210085939525,23.517598218441975,-0.11251830953934605,0.25787783814402565,9.534712192217185,0.10681736114601363,1.1154526348704759,184.6473712022962,14238.239423092276,1342.4018023838144,1.6000332576732066,0.0,2.4,29098.82105157352,LHS+Powell,mpc_qr_dataset_streaming\samples\sample_000166
167,16,7,True,2.121335574347995,0.5742818173482428,0.022879282075534194,0.19148313456288954,0.09862152715275878,0.09071797772014718,0.23755824110002927,0.2707171011944924,0.11948458086275929,multi_step,117.71927299143573,43.63604353835446,-0.12195030356306545,0.2842848573518677,5.10744775086488,0.026086022527814775,0.007339276861747455,222.70770006513726,23596.905217662334,1342.3977717244686,1.6000102950217505,0.0,2.4,47930.33342462106,LHS+Powell,mpc_qr_dataset_streaming\samples\sample_000167
168,16,8,True,2.121335574347995,0.5742818173482428,0.022879282075534194,0.19148313456288954,0.09862152715275878,0.09071797772014718,0.23755824110002927,0.2707171011944924,0.11948458086275929,multi_step,73.721888369434,82.59895566990807,0.14565473167708992,0.47442155350289206,11.171889296811798,2.3883243653507242,0.02370035739412058,171.2074024271555,12255.580766656361,1342.4094122475515,1.5999960084080274,0.0,2.4,25093.18421100699,LHS+Powell,mpc_qr_dataset_streaming\samples\sample_000168
169,16,9,True,2.121335574347995,0.5742818173482428,0.022879282075534194,0.19148313456288954,0.09862152715275878,0.09071797772014718,0.23755824110002927,0.2707171011944924,0.11948458086275929,step,29.057905853543936,42.592895791678245,0.10830928546614799,0.2702383460853775,1.5773943363080545,0.026088145621910676,0.013723695921729145,56.66019472608396,1345.8153739521852,1342.4018922570858,1.599996156973057,0.0,2.4,2930.011426503325,LHS+Powell,mpc_qr_dataset_streaming\samples\sample_000169
170,17,0,True,1.7462470163447814,0.46414682379069033,0.023144686390319462,0.22074240736218723,0.09869519493618094,0.09457291205324231,0.24998487702570288,0.2657967741369349,0.10484929772621526,sine,36.88730416127147,113.66696918651266,0.007819839243877608,0.2540964573891224,0.004663671384686218,0.0012545716201056635,3.566282960954808,237.1444455520226,23597.101030383634,1342.4027717192369,1.5999981073660088,0.0,2.4,47974.03553591466,LHS,mpc_qr_dataset_streaming\samples\sample_000170
171,17,1,True,1.7462470163447814,0.46414682379069033,0.023144686390319462,0.22074240736218723,0.09869519493618094,0.09457291205324231,0.24998487702570288,0.2657967741369349,0.10484929772621526,sine,119.48148928296084,68.62806126705819,0.03718265245984642,0.11398388611159121,8.826410420936382,0.008644264273368518,0.4154846253074668,258.271939864812,27868.540056687714,1342.4072234919443,1.6000054011442586,0.0,2.4,56580.29629441451,LHS+Powell,mpc_qr_dataset_streaming\samples\sample_000171
172,17,2,True,1.7462470163447814,0.46414682379069033,0.023144686390319462,0.22074240736218723,0.09869519493618094,0.09457291205324231,0.24998487702570288,0.2657967741369349,0.10484929772621526,sine,25.083346194847714,118.13871012530016,-0.17586767257031133,0.41110677304690346,5.28408458220095,5.107447750864883,0.0038547152719319664,237.5990456732125,23955.55266055055,1342.4082987510042,1.6000199788922893,0.0,2.4,48692.30287405723,LHS+Powell,mpc_qr_dataset_streaming\samples\sample_000172
173,17,3,True,1.7462470163447814,0.46414682379069033,0.023144686390319462,0.22074240736218723,0.09869519493618094,0.09457291205324231,0.24998487702570288,0.2657967741369349,0.10484929772621526,sine,98.17570475739451,62.81698635088733,-0.06093054606563869,0.3312647971830999,5.794069782038122,0.026086022527814775,0.031509911978393694,210.03944874032518,18446.07635510945,1342.4067594643157,1.6000015922256636,0.0,2.4,37590.671394492696,LHS+Powell,mpc_qr_dataset_streaming\samples\sample_000173
174,17,4,True,1.7462470163447814,0.46414682379069033,0.023144686390319462,0.22074240736218723,0.09869519493618094,0.09457291205324231,0.24998487702570288,0.2657967741369349,0.10484929772621526,sine,116.0586962506625,57.09123215416692,0.09462923724629324,0.22985473222679603,5.107447750864883,0.03573236250688745,0.5799949703609899,246.07595800488394,25405.03630668286,1342.4106308628166,1.6000033946097816,0.0,2.4,51616.70101909324,LHS+Powell,mpc_qr_dataset_streaming\samples\sample_000174
175,17,5,True,1.7462470163447814,0.46414682379069033,0.023144686390319462,0.22074240736218723,0.09869519493618094,0.09457291205324231,0.24998487702570288,0.2657967741369349,0.10484929772621526,multi_step,94.52038427810108,33.115516918470995,0.157875154747126,0.13629324870794585,1.0000009493068567,45.01965156283719,0.007398847961123058,119.91176784735526,8162.878221326708,1342.4001229012833,1.6000073464467253,0.0,2.4,16753.89175270787,LHS+Powell,mpc_qr_dataset_streaming\samples\sample_000175
176,17,6,True,1.7462470163447814,0.46414682379069033,0.023144686390319462,0.22074240736218723,0.09869519493618094,0.09457291205324231,0.24998487702570288,0.2657967741369349,0.10484929772621526,multi_step,115.6046659522629,35.44230880221424,0.15313022641363122,0.38027301136493347,2.557657124700442,1.2482518526928101,0.10000223406075062,132.90762908784546,10944.521313858013,1342.4036097814374,1.5999971764301466,0.0,2.4,22356.165695327458,LHS+Powell,mpc_qr_dataset_streaming\samples\sample_000176
177,17,7,True,1.7462470163447814,0.46414682379069033,0.023144686390319462,0.22074240736218723,0.09869519493618094,0.09457291205324231,0.24998487702570288,0.2657967741369349,0.10484929772621526,step,37.518056785600365,55.76826315259743,-0.0766667184188623,0.06363809916451962,0.0782649053729541,17.366293654879225,0.020518750846158694,79.34926771381707,2658.0331285146044,1342.4001078498445,1.6000023231723493,0.0,2.4,5622.514065679311,LHS+Powell,mpc_qr_dataset_streaming\samples\sample_000177
178,17,8,True,1.7462470163447814,0.46414682379069033,0.023144686390319462,0.22074240736218723,0.09869519493618094,0.09457291205324231,0.24998487702570288,0.2657967741369349,0.10484929772621526,sine,90.50281965241929,26.993163147686122,0.12602923848750164,0.22412031658530351,2.0941820919902057,1.1185964512343418,0.7240872677746881,183.34057429477653,14203.451359494664,1342.402048315144,1.599986375709245,0.0,2.4,29025.3245436082,LHS,mpc_qr_dataset_streaming\samples\sample_000178
179,17,9,True,1.7462470163447814,0.46414682379069033,0.023144686390319462,0.22074240736218723,0.09869519493618094,0.09457291205324231,0.24998487702570288,0.2657967741369349,0.10484929772621526,multi_step,44.075307121426945,56.08105614175153,-0.10362915343427513,0.3758903546153908,0.1298737243358597,26.485373508072335,0.04830031442037042,103.4425153928889,4520.220379714861,1342.402655838478,1.5999938659072337,0.0,2.4,9419.16843809361,LHS+Powell,mpc_qr_dataset_streaming\samples\sample_000179
180,18,0,True,1.8510774176893172,0.4545608660291672,0.01583246463190693,0.19265860421623385,0.09605929257674606,0.09738545682681937,0.2624708742516525,0.24556556181026254,0.08217886087317999,sine,96.31554898199005,113.00033473547174,0.19953185493346343,0.30675824236491606,38.371130436676104,10.295217582094702,0.00014415206416164443,254.19527000879287,26930.41597837913,1342.4079535062224,1.5999914929098231,0.0,2.4,54691.81816403459,LHS,mpc_qr_dataset_streaming\samples\sample_000180
181,18,1,True,1.8510774176893172,0.4545608660291672,0.01583246463190693,0.19265860421623385,0.09605929257674606,0.09738545682681937,0.2624708742516525,0.24556556181026254,0.08217886087317999,multi_step,110.8608246555642,99.14514878076223,-0.00911974668683016,0.24715726676730887,0.09029536970270009,0.09536669193975982,0.018043996637623506,246.16465666699432,25384.133969034414,1342.3951103912407,1.5998358143991231,0.0,2.4,51575.16165538009,LHS+Powell,mpc_qr_dataset_streaming\samples\sample_000181
182,18,2,True,1.8510774176893172,0.4545608660291672,0.01583246463190693,0.19265860421623385,0.09605929257674606,0.09738545682681937,0.2624708742516525,0.24556556181026254,0.08217886087317999,multi_step,76.81673512913645,75.21627033044271,0.1172019915838522,0.4239184336118273,0.06838683346450046,38.33470583465639,0.020715528767422168,171.25829024600785,12258.530069043143,1342.4006834183547,1.6000057219491814,0.0,2.4,25099.235043281325,LHS+Powell,mpc_qr_dataset_streaming\samples\sample_000182
183,18,3,True,1.8510774176893172,0.4545608660291672,0.01583246463190693,0.19265860421623385,0.09605929257674606,0.09738545682681937,0.2624708742516525,0.24556556181026254,0.08217886087317999,sine,107.29120163870842,108.9899007072331,0.04251975927708623,0.4694026771035192,7.929343359185451,91.92691883247282,0.008584498379111058,248.88878982466647,25820.378025512706,1342.3999863603347,1.6000222933430026,0.0,2.4,52455.82242093209,LHS,mpc_qr_dataset_streaming\samples\sample_000183
184,18,4,True,1.8510774176893172,0.4545608660291672,0.01583246463190693,0.19265860421623385,0.09605929257674606,0.09738545682681937,0.2624708742516525,0.24556556181026254,0.08217886087317999,multi_step,75.70017818814503,49.629963045348504,0.179717409203703,0.2014398042538148,8.466275862503906,0.02608908006533498,0.04159608795544093,134.4187709295671,8043.308704554723,1342.4026773083897,1.5999884706688001,0.0,2.4,16558.273855187104,LHS+Powell,mpc_qr_dataset_streaming\samples\sample_000184
185,18,5,True,1.8510774176893172,0.4545608660291672,0.01583246463190693,0.19265860421623385,0.09605929257674606,0.09738545682681937,0.2624708742516525,0.24556556181026254,0.08217886087317999,step,88.13294726896912,39.19211614110854,0.1653140734807903,0.07002770234474531,0.016361322121914285,83.43172417493497,0.0006220529419871935,198.17892875726764,16368.663669424926,1342.399639885425,1.5999981646133696,0.0,2.4,33400.26410702415,LHS,mpc_qr_dataset_streaming\samples\sample_000185
186,18,6,True,1.8510774176893172,0.4545608660291672,0.01583246463190693,0.19265860421623385,0.09605929257674606,0.09738545682681937,0.2624708742516525,0.24556556181026254,0.08217886087317999,step,101.44738760309339,43.5256388415645,-0.028017180039980882,0.21625779662118305,0.026088487134816443,0.0010001066449259318,3.7540774476401175,229.02364120165723,21862.766479350637,1342.3999850998628,1.599997856156075,0.0,2.4,44481.003881454046,LHS+Powell,mpc_qr_dataset_streaming\samples\sample_000186
187,18,7,True,1.8510774176893172,0.4545608660291672,0.01583246463190693,0.19265860421623385,0.09605929257674606,0.09738545682681937,0.2624708742516525,0.24556556181026254,0.08217886087317999,sine,97.57910864370905,97.18493432291552,-0.19827768973292856,0.2855836810278705,5.408323770377135,0.033356643301532735,0.0001000133257759792,219.53718367865844,20087.125701513527,1342.4000306667572,1.6000155281447463,0.0,2.4,40901.26295637277,LHS+Powell,mpc_qr_dataset_streaming\samples\sample_000187
188,18,8,True,1.8510774176893172,0.4545608660291672,0.01583246463190693,0.19265860421623385,0.09605929257674606,0.09738545682681937,0.2624708742516525,0.24556556181026254,0.08217886087317999,multi_step,23.86443098268846,40.799807370846054,-0.04190613849644226,0.37353790031494316,0.06965401904667172,25.119808797512718,0.009780967944092358,53.75921447102763,1325.9966434288378,1342.4028585885678,1.6000030575376962,0.0,2.4,2881.6710733530635,LHS+Powell,mpc_qr_dataset_streaming\samples\sample_000188
189,18,9,True,1.8510774176893172,0.4545608660291672,0.01583246463190693,0.19265860421623385,0.09605929257674606,0.09738545682681937,0.2624708742516525,0.24556556181026254,0.08217886087317999,step,38.883642047563896,39.54958273965873,0.05690096742719741,0.34520097725775073,1.4906337958366296,0.14590784729646475,0.0026086022527814774,80.93255115271529,2737.2669056364534,1342.4006117286167,1.600001341768749,0.0,2.4,5785.731495384572,LHS+Powell,mpc_qr_dataset_streaming\samples\sample_000189
190,19,0,True,2.3863897372287255,0.48236868806019473,0.019646961645487796,0.25080163612709744,0.09491751174010118,0.10459630492605734,0.15600182463921133,0.20213323940135672,0.0783366566059059,step,29.77879974454431,66.8231405693584,-0.08422811699677402,0.39803022381293546,1.0000013355529485,0.921432053198396,0.017829889144528165,64.51706187654197,1752.2200693126608,1342.4002566484776,1.6000036940875348,0.0,2.4,3766.3913372720754,LHS+Powell,mpc_qr_dataset_streaming\samples\sample_000190
191,19,1,True,2.3863897372287255,0.48236868806019473,0.019646961645487796,0.25080163612709744,0.09491751174010118,0.10459630492605734,0.15600182463921133,0.20213323940135672,0.0783366566059059,step,100.27206052883656,46.603087262166525,0.1775193472414845,0.20102389907853468,0.026086022527814775,3.4118296683089766,0.056547219135067044,234.864568616677,22994.78580302683,1342.4005619260136,1.5998801390958277,0.0,2.4,46762.56533400694,LHS+Powell,mpc_qr_dataset_streaming\samples\sample_000191
192,19,2,True,2.3863897372287255,0.48236868806019473,0.019646961645487796,0.25080163612709744,0.09491751174010118,0.10459630492605734,0.15600182463921133,0.20213323940135672,0.0783366566059059,sine,104.66710505082435,59.919530265779045,0.11316210966868961,0.10546719424435647,0.742247059485226,2.881098831164968,0.025191441649546314,230.11387498298947,22122.057820113114,1342.4038702872913,1.5999797184151914,0.0,2.4,45002.857457675476,LHS+Powell,mpc_qr_dataset_streaming\samples\sample_000192
193,19,3,True,2.3863897372287255,0.48236868806019473,0.019646961645487796,0.25080163612709744,0.09491751174010118,0.10459630492605734,0.15600182463921133,0.20213323940135672,0.0783366566059059,multi_step,105.09971200521645,104.83807540610809,-0.07767990850457306,0.30945819058676294,1.3623791912487349,0.19698996185125942,0.48529405505907014,245.79514725480345,25201.561954033292,1342.3959408528667,1.5999932666158758,0.0,2.4,51208.909146536964,LHS,mpc_qr_dataset_streaming\samples\sample_000193
194,19,4,True,2.3863897372287255,0.48236868806019473,0.019646961645487796,0.25080163612709744,0.09491751174010118,0.10459630492605734,0.15600182463921133,0.20213323940135672,0.0783366566059059,multi_step,32.82932585111202,98.08383545190479,0.15067125550068117,0.2637288150362795,0.19579250709528276,17.751031513237105,0.028522092352727003,129.11765768985308,9348.189900375917,1342.4067234150798,1.5999939451891663,0.0,2.4,19152.13310968941,LHS+Powell,mpc_qr_dataset_streaming\samples\sample_000194
195,19,5,True,2.3863897372287255,0.48236868806019473,0.019646961645487796,0.25080163612709744,0.09491751174010118,0.10459630492605734,0.15600182463921133,0.20213323940135672,0.0783366566059059,sine,102.0505943858604,94.93528616990059,0.001149974792141295,0.2526384611465479,0.02608873072190022,0.0010001083096365154,0.5107447750864885,236.21115910084603,23261.49996356554,1342.400389939745,1.5999557132133293,0.0,2.4,47300.03342171626,LHS+Powell,mpc_qr_dataset_streaming\samples\sample_000195
196,19,6,True,2.3863897372287255,0.48236868806019473,0.019646961645487796,0.25080163612709744,0.09491751174010118,0.10459630492605734,0.15600182463921133,0.20213323940135672,0.0783366566059059,multi_step,59.51018375478908,98.68913814500277,0.07118874101801786,0.2615452496396575,5.974951560302087,72.99278031545288,0.11328895132413548,179.944332260278,14355.032060301499,1342.410057666271,1.5999979879142288,0.0,2.4,29318.297620166544,LHS,mpc_qr_dataset_streaming\samples\sample_000196
197,19,7,True,2.3863897372287255,0.48236868806019473,0.019646961645487796,0.25080163612709744,0.09491751174010118,0.10459630492605734,0.15600182463921133,0.20213323940135672,0.0783366566059059,sine,99.52322585827095,116.06262856288326,-0.059179730304304734,0.31911177646316846,0.003688226726000992,1.874098128420262,0.0006997957410507865,263.3742963404917,28928.137243667377,1342.4028367290512,1.600032165878645,0.0,2.4,58714.79751980097,LHS,mpc_qr_dataset_streaming\samples\sample_000197
198,19,8,True,2.3863897372287255,0.48236868806019473,0.019646961645487796,0.25080163612709744,0.09491751174010118,0.10459630492605734,0.15600182463921133,0.20213323940135672,0.0783366566059059,multi_step,118.66287468632301,29.380782400772492,0.11511714025554909,0.19139158139012785,5.902705895913004,1.483256367920852,0.008568184006693437,165.83083613345582,16208.054488247793,1342.4015172060158,1.6000124743090256,0.0,2.4,32982.00156137997,LHS+Powell,mpc_qr_dataset_streaming\samples\sample_000198
199,19,9,True,2.3863897372287255,0.48236868806019473,0.019646961645487796,0.25080163612709744,0.09491751174010118,0.10459630492605734,0.15600182463921133,0.20213323940135672,0.0783366566059059,multi_step,108.35298364237076,50.13203576626154,0.06339230735731677,0.4147977045428525,4.559036413684359,19.99838718298911,0.0026083313682888484,215.92425834741698,21071.65256043844,1342.4009556668368,1.600001670597229,0.0,2.4,42859.477943786,LHS+Powell,mpc_qr_dataset_streaming\samples\sample_000199
